At1,At2,Class
-0.38, -1.27, negative
-0.284, -1.02, negative
-0.653, -0.734, negative
-0.505, 1.17, negative
0.522, 1.46, negative
0.185, 0.617, negative
-0.908, 1.26, negative
0.99, 0.771, negative
-0.419, 1.4, negative
0.247, -1.28, negative
1.11, 0.57, negative
1.09, 1.21, negative
0.408, 1.16, negative
-0.238, -1.49, negative
-1.68, 1.08, negative
0.204, -1.29, negative
0.391, -1.42, negative
1.02, 0.0975, negative
-0.103, -1.71, negative
1.21, 0.00827, negative
0.0284, 1.62, negative
1.13, 0.405, negative
1.03, -0.209, negative
1.09, 1.03, negative
0.0967, -1.4, negative
-0.555, -1.02, negative
1.57, 0.483, negative
1.46, -0.111, negative
-1.25, -1.47, negative
0.196, 1.76, negative
1.19, 0.309, negative
0.627, 0.125, negative
-0.807, 1.12, negative
-0.677, -1.41, negative
-0.269, 1.37, negative
0.451, -1.23, negative
-0.338, -1.33, negative
-0.874, 0.922, negative
0.953, 0.719, negative
1.38, 0.877, negative
-1.87, 0.373, negative
-0.704, 0.71, negative
0.926, 0.972, negative
-0.948, -0.982, negative
1.55, -0.0305, negative
-0.509, -0.932, negative
0.171, -0.886, negative
-1.28, 0.559, negative
-0.106, -0.933, negative
-0.31, -1.27, negative
-0.18, -0.639, negative
0.291, -0.795, negative
0.196, -0.779, negative
0.14, -0.8, negative
-1.01, 0.768, negative
0.918, 0.82, negative
0.183, -1.16, negative
0.935, 0.556, negative
-0.83, 0.993, negative
0.143, 1.05, negative
0.792, 0.988, negative
0.981, 0.532, negative
-0.738, 1.01, negative
0.395, 0.0856, negative
1.12, 0.612, negative
0.0652, -0.766, negative
0.204, -1.06, negative
-1.01, -1.47, negative
-0.383, -1.04, negative
-0.693, 1.28, negative
-0.43, -0.722, negative
-0.0715, 1.41, negative
1.4, 0.746, negative
0.633, 0.901, negative
-1.57, 0.679, negative
-0.118, -1.26, negative
-0.704, -0.802, negative
-0.48, -0.913, negative
-1.7, -0.087, negative
1.28, 0.691, negative
-0.726, -1.17, negative
0.983, 0.611, negative
-1.25, 0.857, negative
1.32, 0.376, negative
-0.878, -1.46, negative
1.34, 0.0998, negative
1.14, -0.114, negative
1.29, 0.283, negative
0.165, -1.58, negative
-1.04, 1.04, negative
-0.401, -1.17, negative
1.34, 0.32, negative
0.0296, 1.2, negative
-0.584, 1.01, negative
0.245, -0.681, negative
1.11, 0.375, negative
-0.784, 0.969, negative
1.38, -0.244, negative
-0.123, 1.86, negative
1.08, -0.628, negative
0.551, 0.921, negative
-1.19, 1.01, negative
0.595, 1.02, negative
0.0735, -1.01, negative
0.386, 1.92, negative
0.157, -0.934, negative
1.33, -0.0673, negative
0.362, 1.59, negative
-0.153, -1.22, negative
-1.41, 0.894, negative
-1.06, -0.937, negative
-1.21, 1.19, negative
-1.2, 0.92, negative
0.163, -1.31, negative
0.445, -1.38, negative
-0.396, -1.38, negative
1.13, -0.0116, negative
0.673, 1.07, negative
-1.02, -1.01, negative
-0.153, -1.15, negative
-0.473, -1.55, negative
0.02, -1.54, negative
1.23, 0.458, negative
-0.0656, -1.57, negative
-0.785, -1.11, negative
-0.0776, -1.35, negative
-0.369, -0.984, negative
-0.295, -1.22, negative
-0.381, -0.959, negative
-0.107, -1.5, negative
-0.784, 1.81, negative
0.373, 1.48, negative
1.24, 0.908, negative
-0.734, 0.881, negative
-0.434, -1.1, negative
-1.82, 0.904, negative
-1.14, 0.693, negative
0.00865, -0.918, negative
-1.74, 0.697, negative
-0.166, -0.986, negative
-0.00634, -1.0, negative
-0.651, 1.12, negative
-0.236, -1.17, negative
-0.501, -1.43, negative
0.272, 0.813, negative
-0.82, -1.04, negative
-1.52, 0.506, negative
-1.07, 0.963, negative
1.52, 0.315, negative
-0.625, -1.14, negative
-0.631, -0.867, negative
1.18, 0.614, negative
0.33, -1.48, negative
-0.0232, -1.24, negative
0.725, 1.39, negative
1.24, -0.145, negative
-0.43, -1.4, negative
-0.886, -1.27, negative
1.14, 0.212, negative
-0.664, 1.18, negative
0.403, -0.997, negative
0.289, 1.01, negative
1.05, 0.397, negative
0.375, 1.27, negative
0.296, 1.51, negative
-0.542, -0.739, negative
-2.34, 0.246, negative
-0.827, 1.23, negative
1.27, -0.194, negative
0.0745, 1.78, negative
-0.262, 1.28, negative
1.04, 0.563, negative
-0.663, -1.47, negative
-0.304, 1.5, negative
0.794, 0.762, negative
1.27, 0.496, negative
-0.0418, -1.02, negative
-1.53, 0.658, negative
-0.594, 1.24, negative
1.53, 0.228, negative
1.29, 1.07, negative
-0.921, -1.19, negative
0.0428, -1.04, negative
0.449, 0.648, negative
0.388, 1.64, negative
-0.0305, -1.09, negative
-0.666, -1.34, negative
-0.0175, -1.21, negative
-1.12, -1.17, negative
-1.58, 0.272, negative
-0.0779, -0.967, negative
1.62, -0.919, negative
-0.259, 0.996, negative
0.409, -1.15, negative
1.82, -0.643, negative
1.31, 0.936, negative
-0.834, 1.41, negative
0.67, 0.784, negative
0.335, 1.99, negative
1.23, -0.0874, negative
0.594, 1.8, negative
-0.566, -1.62, negative
-1.2, -1.02, negative
-0.071, 1.63, negative
-0.917, -0.863, negative
-0.836, -1.36, negative
-1.7, 0.869, negative
0.344, 0.908, negative
0.513, 1.5, negative
-0.0337, -1.36, negative
0.163, -1.08, negative
-0.129, 1.57, negative
-0.856, -1.31, negative
0.265, 1.4, negative
-0.495, -1.2, negative
0.284, 2.31, negative
-0.747, -0.72, negative
-0.292, -1.32, negative
1.42, -0.0465, negative
-0.984, -0.807, negative
-0.244, -1.2, negative
0.994, 0.348, negative
0.217, -1.21, negative
0.407, -0.94, negative
-0.76, -0.862, negative
1.81, -0.218, negative
-2.06, 0.392, negative
0.663, 1.7, negative
0.134, -1.18, negative
0.176, 1.94, negative
0.61, 0.488, negative
-1.83, 0.601, negative
0.42, 1.1, negative
0.831, 1.35, negative
-0.399, 1.3, negative
1.63, -0.539, negative
-1.41, 1.14, negative
-0.391, 1.1, negative
-0.503, 1.35, negative
-0.959, 1.08, negative
-0.621, 1.52, negative
-1.17, 1.08, negative
-0.562, -0.873, negative
-0.918, 1.44, negative
0.326, 1.45, negative
0.709, 0.872, negative
-0.109, -1.07, negative
-0.865, -1.1, negative
0.777, 0.312, negative
0.00453, 1.47, negative
-1.93, 0.525, negative
-0.638, -1.01, negative
-1.42, 0.624, negative
0.869, 0.576, negative
-0.833, -0.569, negative
-0.766, 1.06, negative
-0.389, -1.32, negative
1.01, 0.829, negative
0.812, 0.708, negative
0.823, 1.04, negative
-0.795, -1.43, negative
0.514, 1.27, negative
-0.606, -0.997, negative
-0.37, 1.48, negative
-0.203, -1.08, negative
-1.2, 0.659, negative
-0.956, -1.61, negative
0.713, 0.948, negative
-0.688, -1.14, negative
-2.19, 0.0991, negative
-0.861, -0.972, negative
-0.784, -1.05, negative
-0.555, 0.908, negative
-0.216, -1.38, negative
-0.0406, 2.09, negative
-0.0701, -1.23, negative
0.364, -0.858, negative
1.63, -0.251, negative
1.02, 0.997, negative
-0.767, -1.2, negative
0.931, 0.783, negative
-0.534, -1.23, negative
-0.451, 1.72, negative
-1.42, -1.4, negative
1.24, 0.809, negative
0.0762, -1.27, negative
0.226, -1.02, negative
-0.693, 0.953, negative
0.148, 1.26, negative
1.44, 0.358, negative
-0.721, 1.19, negative
0.518, 1.41, negative
0.23, -1.15, negative
-1.45, 0.377, negative
0.912, 2.1, negative
0.732, 0.493, negative
-0.705, -0.93, negative
0.463, 0.935, negative
1.31, 0.17, negative
-1.13, -1.06, negative
1.32, -0.144, negative
0.104, -1.04, negative
-0.334, 1.63, negative
2.44, -0.448, negative
-1.21, -0.934, negative
0.417, -1.28, negative
0.498, -1.02, negative
1.49, 0.627, negative
1.39, -0.498, negative
-0.52, -1.52, negative
-0.151, 1.66, negative
0.856, 0.669, negative
-0.379, -1.6, negative
-0.929, -1.39, negative
1.66, 0.239, negative
-0.116, -1.36, negative
-0.717, -1.03, negative
-1.94, 0.832, negative
0.822, 0.192, negative
-1.25, 0.479, negative
-1.77, 1.01, negative
-0.437, -0.984, negative
-1.02, 1.53, negative
-0.405, -1.25, negative
0.48, -1.1, negative
-0.048, -1.06, negative
0.273, -1.45, negative
1.81, -0.0547, negative
1.57, -0.114, negative
-1.55, 0.386, negative
-1.03, 1.18, negative
-1.49, 0.555, negative
-1.4, 0.98, negative
1.58, -0.468, negative
0.309, -1.03, negative
1.15, 0.715, negative
1.1, 0.458, negative
0.722, 0.368, negative
-0.926, 0.694, negative
0.129, 1.52, negative
0.572, -1.24, negative
0.102, -1.36, negative
1.26, 1.72, negative
1.46, 0.0665, negative
0.636, 0.756, negative
-0.488, -1.31, negative
-0.603, 1.3, negative
-0.519, -0.799, negative
0.121, 1.72, negative
1.17, 1.28, negative
-0.369, -1.14, negative
0.677, 0.964, negative
1.35, 0.472, negative
-0.254, -1.37, negative
0.93, 0.65, negative
0.854, 1.15, negative
0.858, 0.399, negative
1.67, 0.0877, negative
0.836, 0.849, negative
2.2, -0.665, negative
1.14, 0.148, negative
0.499, -1.17, negative
0.301, -1.29, negative
-0.811, -1.21, negative
-0.974, 1.05, negative
-0.285, 1.98, negative
1.34, -0.689, negative
1.6, 0.0487, negative
0.288, 1.62, negative
1.93, -0.842, negative
-0.431, 1.21, negative
-1.63, 0.728, negative
0.13, 1.38, negative
0.0558, 1.88, negative
0.612, 1.37, negative
-1.7, 0.422, negative
-0.76, -1.26, negative
1.03, 0.0331, negative
-0.127, -1.33, negative
0.987, 0.858, negative
-0.769, 1.35, negative
0.763, 1.15, negative
-0.0677, 1.74, negative
0.957, 0.0986, negative
0.0343, -1.18, negative
0.286, 1.23, negative
-0.058, -0.904, negative
-0.816, 0.562, negative
-0.769, -1.46, negative
0.871, 1.29, negative
0.829, 1.56, negative
-1.21, 1.27, negative
-0.303, -0.883, negative
-0.596, -1.33, negative
1.29, 0.622, negative
1.25, -0.00263, negative
0.656, 1.25, negative
0.0379, -1.64, negative
0.0116, -1.09, negative
-0.335, -0.81, negative
-1.08, -1.3, negative
-0.206, -1.15, negative
-0.35, -1.49, negative
0.56, 1.18, negative
0.647, 0.317, negative
-3.09, -0.832, negative
0.515, 2.21, negative
1.66, -0.384, negative
1.24, 0.31, negative
-1.19, 0.814, negative
1.4, 0.43, negative
-1.52, 0.934, negative
-0.163, -0.759, negative
-0.0189, -1.28, negative
0.178, 1.49, negative
0.479, -0.821, negative
0.177, -1.37, negative
-1.69, 0.614, negative
1.05, 0.899, negative
-0.317, 1.77, negative
-0.865, 1.6, negative
-1.6, 0.632, negative
-0.526, 1.26, negative
0.84, 1.42, negative
-1.1, 0.811, negative
0.275, -0.987, negative
0.306, -1.13, negative
1.05, 0.768, negative
-0.634, 1.65, negative
-0.901, -1.68, negative
1.49, -0.156, negative
0.3, -1.18, negative
1.66, 0.672, negative
0.45, 1.6, negative
1.15, 0.824, negative
1.14, 0.647, negative
0.1, -1.48, negative
-0.106, -1.14, negative
-0.158, -1.08, negative
1.16, 0.0489, negative
0.465, 0.842, negative
0.651, -1.08, negative
1.85, -0.377, negative
-0.201, 1.35, negative
-0.885, 1.05, negative
-0.935, 1.02, negative
0.198, -1.41, negative
-0.96, 1.34, negative
1.25, -0.322, negative
-0.835, 0.671, negative
-0.314, -0.984, negative
-0.00621, 1.56, negative
0.829, -0.305, negative
-0.388, -1.08, negative
1.27, -0.441, negative
-1.02, 0.619, negative
0.0543, -0.967, negative
-0.639, 1.25, negative
0.66, 0.835, negative
-0.258, -1.06, negative
0.47, 1.21, negative
-0.00698, -1.15, negative
1.54, -0.336, negative
1.68, -0.472, negative
1.22, 0.247, negative
1.18, 0.424, negative
-0.511, 1.5, negative
0.066, -1.23, negative
-0.0381, -0.791, negative
-0.306, 2.28, negative
-1.31, 0.916, negative
0.385, -0.744, negative
1.36, -0.412, negative
0.272, -1.6, negative
0.26, 1.91, negative
-0.0659, -1.33, negative
-0.076, -1.12, negative
-1.14, 1.16, negative
-0.922, 0.533, negative
1.22, 0.541, negative
0.409, -1.51, negative
2.22, -2.04, negative
-0.468, -1.17, negative
0.941, 1.16, negative
0.00854, 1.31, negative
-1.37, 0.808, negative
-1.4, 0.475, negative
-0.532, -1.17, negative
0.379, 1.74, negative
1.23, 2.19, negative
1.41, 0.607, negative
0.686, 1.2, negative
1.1, 0.508, negative
0.605, 1.28, negative
1.88, 0.325, negative
-0.733, -1.34, negative
-0.298, -1.16, negative
0.774, 0.617, negative
0.577, 0.628, negative
-0.583, -1.05, negative
-0.815, 1.18, negative
-0.64, -0.939, negative
1.45, 0.169, negative
1.08, 0.72, negative
-0.246, -0.739, negative
1.09, 0.812, negative
-1.04, 0.679, negative
-0.606, 3.19, negative
-1.42, 0.728, negative
-0.954, 0.848, negative
0.742, 0.744, negative
-0.497, 1.07, negative
-0.604, -1.2, negative
0.0399, -1.28, negative
0.698, 1.02, negative
-0.343, -1.39, negative
-0.648, -0.631, negative
1.98, -0.0252, negative
0.695, 0.651, negative
-0.0685, 0.931, negative
1.88, 0.116, negative
-0.611, -1.28, negative
-0.375, 1.36, negative
-0.446, -0.861, negative
-1.46, 1.2, negative
-0.145, -1.39, negative
1.31, 0.208, negative
-0.189, -1.24, negative
0.617, 1.11, negative
1.75, -1.03, negative
-0.542, 1.12, negative
0.477, 1.83, negative
-0.838, -1.17, negative
1.15, 0.329, negative
-0.847, -0.871, negative
1.01, 0.446, negative
-0.172, -1.31, negative
0.845, 0.766, negative
0.484, 1.04, negative
-0.901, -1.13, negative
-0.74, -1.53, negative
0.916, 1.63, negative
-0.567, -1.7, negative
-0.647, -1.22, negative
-1.25, 0.985, negative
-0.17, 1.18, negative
-0.634, 1.08, negative
0.0726, -1.31, negative
0.925, 0.895, negative
1.74, -0.143, negative
-1.16, -0.641, negative
-1.29, 1.52, negative
1.04, 0.285, negative
1.05, 0.651, negative
-1.12, 0.494, negative
1.52, 0.795, negative
0.819, 0.546, negative
0.0125, -0.665, negative
-1.19, 0.309, negative
-0.0611, -1.4, negative
-0.56, -1.12, negative
-0.547, -1.31, negative
-0.218, -1.63, negative
0.179, 1.81, negative
-0.2, -1.02, negative
0.662, 1.49, negative
-0.487, -1.13, negative
1.26, 0.144, negative
1.2, -0.213, negative
0.823, -1.21, negative
0.42, 2.1, negative
0.167, 0.87, negative
1.05, 0.219, negative
-0.861, -1.21, negative
-0.941, 0.976, negative
1.72, 0.0291, negative
0.786, 0.945, negative
-0.254, -0.932, negative
0.357, -1.07, negative
0.639, -0.815, negative
-1.06, -1.54, negative
-0.202, 1.64, negative
-2.06, -0.332, negative
-0.519, -1.0, negative
2.59, -1.15, negative
-1.96, -0.942, positive
0.945, 0.239, positive
-1.1, 0.641, positive
-1.07, -0.552, positive
0.785, -0.601, positive
-0.247, 0.775, positive
-0.171, 1.68, positive
0.252, -0.389, positive
0.889, -0.566, positive
-0.687, -0.458, positive
-1.43, 0.0281, positive
0.233, -0.275, positive
-1.84, -0.865, positive
-0.105, -0.442, positive
0.369, 0.428, positive
-1.54, -0.618, positive
1.37, 1.24, positive
0.975, -1.34, positive
0.511, -0.773, positive
-1.8, -1.71, positive
-0.839, 0.111, positive
0.423, -0.334, positive
0.156, 0.152, positive
-1.49, 0.228, positive
-0.135, 0.136, positive
-0.179, 0.19, positive
0.535, 1.46, positive
-0.554, -0.38, positive
-0.683, 0.139, positive
-1.51, -0.285, positive
0.0176, 0.0932, positive
0.456, 0.278, positive
0.512, -0.49, positive
0.667, -1.01, positive
-0.114, 0.846, positive
-1.44, -0.47, positive
0.844, -0.402, positive
0.324, 1.68, positive
-1.56, -0.329, positive
-0.314, 0.0194, positive
-1.33, -0.647, positive
0.764, 1.98, positive
1.24, -1.33, positive
1.18, -0.335, positive
0.621, 1.32, positive
-0.629, 0.809, positive
-0.33, 0.301, positive
0.92, -0.717, positive
0.0436, 0.0126, positive
-0.193, -0.288, positive
-0.836, -0.507, positive
-0.391, -0.547, positive
0.137, 1.94, positive
-0.411, 0.727, positive
0.0413, 0.345, positive
0.6, -0.38, positive
0.528, -1.04, positive
-1.21, -0.392, positive
1.15, -0.451, positive
2.64, 1.14, positive
-0.737, -0.0677, positive
1.02, -0.549, positive
0.775, 0.0171, positive
0.0968, -0.225, positive
0.899, -0.235, positive
0.244, 1.84, positive
-1.71, -1.29, positive
-0.0753, 0.267, positive
-1.37, -0.803, positive
1.08, -1.02, positive
-0.838, 0.644, positive
-1.34, -0.462, positive
-1.15, 0.406, positive
0.646, -0.932, positive
0.136, 1.46, positive
-1.07, 0.00513, positive
-0.169, -0.135, positive
-1.74, -1.83, positive
0.859, -0.952, positive
-1.07, -1.11, positive
-1.63, -0.363, positive
1.85, 1.61, positive
0.896, 0.36, positive
-0.101, -0.122, positive
1.0, 0.285, positive
-0.752, -0.319, positive
-1.11, 0.308, positive
1.67, 0.974, positive
0.706, 1.38, positive
-0.57, 0.502, positive
1.09, -0.384, positive
-1.81, 0.0758, positive
-1.11, -0.653, positive
1.98, 1.27, positive
0.624, -0.285, positive
-0.253, -0.406, positive
0.0317, -0.821, positive
-1.39, -0.156, positive
-0.326, 0.168, positive
-0.153, 1.97, positive
1.32, -0.331, positive
1.56, -0.367, positive
-0.308, 2.19, positive
-0.488, -0.566, positive
-0.472, -0.0198, positive
-0.201, 0.596, positive
0.475, -0.381, positive
2.43, 1.39, positive
0.416, 1.86, positive
0.406, -0.707, positive
-0.255, -0.142, positive
-1.66, -0.56, positive
-0.171, 0.0105, positive
1.42, 1.49, positive
-0.628, 0.601, positive
1.8, 1.36, positive
1.76, 1.33, positive
-0.379, 0.638, positive
-1.31, -1.16, positive
-0.957, 0.848, positive
-1.52, -0.993, positive
0.252, 0.258, positive
0.562, 0.172, positive
-1.7, -1.16, positive
1.2, -0.944, positive
0.82, -0.514, positive
-0.679, 0.536, positive
-1.51, 0.348, positive
1.18, -1.19, positive
0.445, 0.135, positive
-1.87, -1.26, positive
-0.477, 0.676, positive
0.629, -0.617, positive
0.773, -0.747, positive
0.575, -0.19, positive
-1.24, -0.0104, positive
-0.146, 1.83, positive
-1.32, -0.403, positive
-1.13, 0.193, positive
-1.78, -0.582, positive
-0.755, -0.759, positive
-0.651, 0.369, positive
2.0, 1.71, positive
-0.167, -0.633, positive
0.641, 1.72, positive
-0.356, -0.0513, positive
0.258, 0.482, positive
-0.0299, 0.617, positive
-0.238, 1.74, positive
1.21, -0.774, positive
0.85, -0.829, positive
0.271, -0.0382, positive
0.59, -0.796, positive
0.265, -0.182, positive
0.878, -1.38, positive
-0.221, 0.12, positive
-1.35, -0.57, positive
0.413, 0.473, positive
0.841, -0.0776, positive
0.403, 0.0297, positive
-0.879, 0.499, positive
0.377, 0.198, positive
1.35, -1.23, positive
0.0090, 0.928, positive
-1.53, -1.21, positive
1.34, 1.37, positive
0.703, -0.583, positive
-1.18, -0.0978, positive
-1.52, -1.4, positive
0.673, 0.172, positive
1.26, -1.57, positive
-1.43, -0.357, positive
-0.792, -0.132, positive
-1.11, -0.44, positive
1.29, -1.04, positive
2.34, 1.13, positive
-1.76, -0.903, positive
0.473, -1.11, positive
-1.03, -0.95, positive
1.44, -1.73, positive
1.09, -1.59, positive
-1.51, -0.593, positive
-1.49, -0.0266, positive
2.57, 0.989, positive
0.422, -0.934, positive
0.389, -0.804, positive
-1.94, -1.03, positive
0.133, 2.04, positive
-0.736, 0.683, positive
0.203, 0.617, positive
-0.973, 0.107, positive
0.105, 0.103, positive
0.996, -1.7, positive
-0.532, 0.181, positive
-0.907, 0.416, positive
-2.12, -0.575, positive
0.0968, 0.589, positive
1.11, 1.33, positive
-1.04, -0.0359, positive
-0.11, -0.372, positive
1.4, -0.874, positive
0.799, -0.99, positive
0.608, -1.18, positive
0.478, 1.31, positive
-1.89, -0.799, positive
-0.416, 0.246, positive
1.03, -1.12, positive
-0.325, 0.388, positive
-0.409, 0.349, positive
-0.551, 0.288, positive
-0.394, -0.253, positive
-1.11, -0.821, positive
1.2, -0.598, positive
-0.215, 0.549, positive
1.53, -1.05, positive
0.209, -0.455, positive
-1.23, -1.15, positive
0.112, 0.238, positive
-0.786, -0.64, positive
-1.29, -0.23, positive
0.496, -0.614, positive
1.13, -0.541, positive
2.08, 1.35, positive
-1.49, -0.221, positive
-1.34, -1.05, positive
1.15, 1.49, positive
0.331, 0.185, positive
-1.86, -1.57, positive
-0.763, -0.573, positive
-0.347, 0.574, positive
-0.251, 0.327, positive
0.903, -0.339, positive
-1.29, -0.754, positive
0.942, 1.83, positive
1.64, 1.46, positive
-0.251, 0.846, positive
-0.234, -0.656, positive
2.35, 1.21, positive
-1.44, -0.775, positive
-2.18, -1.88, positive
-1.87, -0.555, positive
2.81, 1.3, positive
-0.516, -0.92, positive
0.307, 0.12, positive
-0.0272, 1.86, positive
0.316, 1.43, positive
-1.26, 0.23, positive
-0.994, 0.192, positive
2.22, 1.31, positive
-0.415, 0.463, positive
0.0586, -0.133, positive
1.01, 1.53, positive
-1.72, -0.41, positive
0.27, 0.0491, positive
-1.25, 0.512, positive
-0.975, -0.273, positive
-1.5, -1.14, positive
1.51, -1.15, positive
-0.565, -0.0822, positive
-1.75, -1.63, positive
1.12, -0.908, positive
1.87, 1.13, positive
-0.274, 0.489, positive
-1.12, -0.315, positive
1.63, -2.16, positive
-1.24, -0.497, positive
-1.01, -0.0908, positive
1.02, -0.728, positive
-1.86, -1.78, positive
0.927, -1.12, positive
0.347, -0.242, positive
0.168, 0.345, positive
1.18, 1.36, positive
-0.761, 0.373, positive
-0.138, 0.425, positive
1.23, -0.0582, positive
0.146, -0.151, positive
1.48, 1.78, positive
-0.635, 1.94, positive
0.908, 1.48, positive
-1.45, -0.203, positive
-1.53, -1.72, positive
-0.93, -0.502, positive
1.25, 1.2, positive
-0.852, -0.59, positive
0.0817, 0.418, positive
2.46, 1.23, positive
-0.606, -0.546, positive
-0.305, 0.194, positive
0.545, -0.165, positive
-1.79, -1.46, positive
0.84, -0.176, positive
1.55, 1.1, positive
1.01, -0.205, positive
-0.78, -0.43, positive
-1.92, -1.17, positive
-1.02, -0.224, positive
-1.93, -0.315, positive
-1.59, -0.766, positive
0.49, -0.0477, positive
0.238, -0.551, positive
0.637, 1.55, positive
-0.209, -0.356, positive
-1.53, 0.132, positive
0.646, 1.82, positive
-0.679, -0.0957, positive
0.0585, -0.378, positive
-1.26, -0.296, positive
0.44, 0.246, positive
0.247, 0.41, positive
-0.899, 0.0621, positive
-0.821, -0.855, positive
1.17, -1.4, positive
0.378, -0.0609, positive
-2.09, -1.22, positive
-1.66, -0.735, positive
1.01, -0.437, positive
0.854, 0.0949, positive
1.01, -0.984, positive
-0.424, 0.0207, positive
1.47, 1.39, positive
-1.6, -0.0414, positive
-0.499, -0.241, positive
2.16, 1.16, positive
-2.05, -1.4, positive
0.863, -1.02, positive
0.177, 0.731, positive
1.27, 1.6, positive
0.805, -0.237, positive
0.762, -0.334, positive
-1.38, -0.32, positive
2.21, 1.02, positive
-1.75, -1.27, positive
-1.58, -1.25, positive
-0.903, -0.0822, positive
-0.914, 0.317, positive
0.115, -0.443, positive
-0.656, -0.334, positive
-1.19, -0.328, positive
0.318, 0.621, positive
-1.24, 0.1, positive
-0.896, 0.207, positive
2.52, 1.43, positive
0.335, -0.483, positive
-0.838, 0.356, positive
-1.35, -1.19, positive
1.26, -2.39, positive
0.587, 0.322, positive
0.00295, -0.125, positive
0.659, -0.057, positive
1.12, -0.756, positive
-0.178, -0.551, positive
0.184, 1.7, positive
0.921, 1.12, positive
-1.19, -1.0, positive
-1.52, -0.74, positive
-1.05, -0.4, positive
-1.73, -0.242, positive
-0.113, -0.197, positive
-1.23, -0.806, positive
-0.856, -0.664, positive
0.321, 0.393, positive
0.729, 1.49, positive
-0.33, 0.0829, positive
-1.64, -1.05, positive
-1.06, 0.496, positive
1.31, -1.72, positive
1.24, -1.33, positive
-1.23, -1.3, positive
-1.42, -0.0747, positive
-0.103, 0.0369, positive
-0.556, -0.505, positive
-0.222, 0.259, positive
0.487, -0.13, positive
0.108, -0.304, positive
0.306, -0.161, positive
0.832, -1.29, positive
-1.42, 0.592, positive
1.44, -1.52, positive
-0.122, -0.0671, positive
1.13, -1.27, positive
1.46, -1.61, positive
-0.206, -0.0207, positive
-0.385, -0.734, positive
-0.0443, -0.335, positive
0.433, 1.65, positive
-1.1, 0.135, positive
1.29, -0.657, positive
-1.41, -1.02, positive
0.96, -0.9, positive
0.748, 1.81, positive
-0.584, 0.0937, positive
0.184, 0.558, positive
-0.016, -0.448, positive
-1.22, -0.68, positive
0.974, -1.47, positive
1.09, -1.1, positive
0.576, 1.7, positive
0.221, 0.946, positive
2.22, 1.18, positive
0.377, -0.643, positive
-0.108, -0.793, positive
-0.0342, 0.145, positive
0.0971, 1.58, positive
-0.623, -0.737, positive
2.41, 0.946, positive
-0.902, -0.36, positive
-0.404, 0.178, positive
-0.553, -0.687, positive
0.617, -0.0096, positive
0.867, -1.19, positive
1.58, -1.29, positive
-1.02, 0.409, positive
-0.709, -0.262, positive
0.418, 0.616, positive
1.15, 0.0436, positive
0.0584, -0.638, positive
-2.15, -0.858, positive
-0.711, 0.465, positive
-1.15, -0.545, positive
0.445, 0.0484, positive
1.38, -1.02, positive
-0.0932, 0.472, positive
-1.46, -0.298, positive
-1.33, -0.0457, positive
7.25E-4, -0.0366, positive
-1.97, -0.674, positive
0.796, 0.423, positive
-1.34, 0.146, positive
-0.847, -0.213, positive
-1.24, -0.919, positive
-0.0242, -0.659, positive
1.99, 1.18, positive
0.171, -0.502, positive
0.72, -0.154, positive
-1.84, -0.366, positive
1.46, -0.509, positive
1.06, -0.0553, positive
1.57, -0.909, positive
-0.744, 0.196, positive
0.417, 0.348, positive
-0.895, -1.07, positive
-0.633, 0.257, positive
0.635, 0.559, positive
-1.83, -0.964, positive
0.719, 0.0781, positive
-1.88, -0.979, positive
-0.0895, 1.65, positive
-0.311, 0.995, positive
1.31, -1.4, positive
-0.793, 0.905, positive
0.222, 0.214, positive
1.08, -1.83, positive
1.14, -0.209, positive
1.82, 1.43, positive
-0.427, -0.485, positive
0.576, -0.665, positive
-1.71, -0.653, positive
-1.95, -0.16, positive
0.309, -0.689, positive
0.381, 1.61, positive
1.95, 0.902, positive
-0.904, -0.203, positive
-2.14, -0.476, positive
-0.29, 0.7, positive
-1.32, -0.146, positive
-0.323, -0.213, positive
0.939, 1.69, positive
0.579, -1.02, positive
-1.64, -1.91, positive
2.34, 1.64, positive
-0.00124, -0.938, positive
-1.08, 0.356, positive
1.48, 1.01, positive
-1.62, -0.896, positive
0.874, -0.769, positive
-0.383, -1.26, negative
-0.274, -0.99, negative
-0.695, -0.736, negative
-0.526, 1.19, negative
0.526, 1.48, negative
0.329, 0.606, negative
-0.859, 1.26, negative
1.03, 0.766, negative
-0.381, 1.41, negative
0.233, -1.29, negative
1.1, 0.604, negative
1.0, 1.17, negative
0.44, 1.16, negative
-0.269, -1.47, negative
-1.62, 1.02, negative
0.191, -1.29, negative
0.351, -1.42, negative
0.981, 0.0921, negative
-0.0958, -1.66, negative
1.24, 0.00235, negative
0.0662, 1.62, negative
1.12, 0.422, negative
1.05, -0.23, negative
1.12, 1.01, negative
0.101, -1.39, negative
-0.529, -1.02, negative
1.63, 0.475, negative
1.47, -0.0839, negative
-1.25, -1.28, negative
0.191, 1.72, negative
1.19, 0.289, negative
0.627, 0.234, negative
-0.824, 1.1, negative
-0.655, -1.44, negative
-0.26, 1.36, negative
0.477, -1.24, negative
-0.325, -1.32, negative
-0.859, 0.885, negative
0.933, 0.711, negative
1.34, 0.878, negative
-1.74, 0.367, negative
-0.723, 0.633, negative
0.948, 0.985, negative
-0.903, -0.988, negative
1.52, -0.0653, negative
-0.516, -0.915, negative
0.129, -0.889, negative
-1.29, 0.511, negative
-0.0874, -0.948, negative
-0.298, -1.26, negative
-0.152, -0.669, negative
0.246, -0.767, negative
0.162, -0.791, negative
0.126, -0.865, negative
-0.975, 0.725, negative
0.888, 0.817, negative
0.164, -1.18, negative
0.899, 0.538, negative
-0.836, 0.959, negative
0.196, 1.08, negative
0.784, 0.972, negative
0.995, 0.502, negative
-0.717, 1.0, negative
0.431, 0.266, negative
1.14, 0.607, negative
0.0243, -0.719, negative
0.168, -1.06, negative
-1.02, -1.43, negative
-0.39, -1.01, negative
-0.639, 1.28, negative
-0.462, -0.707, negative
-0.137, 1.44, negative
1.38, 0.698, negative
0.614, 0.908, negative
-1.54, 0.685, negative
-0.109, -1.25, negative
-0.617, -0.792, negative
-0.481, -0.904, negative
-1.63, 0.101, negative
1.29, 0.644, negative
-0.716, -1.19, negative
0.991, 0.594, negative
-1.22, 0.831, negative
1.28, 0.373, negative
-0.945, -1.43, negative
1.31, 0.118, negative
1.14, -0.0771, negative
1.26, 0.305, negative
0.123, -1.62, negative
-1.03, 1.01, negative
-0.389, -1.2, negative
1.41, 0.319, negative
0.0205, 1.23, negative
-0.549, 1.03, negative
0.307, -0.678, negative
1.11, 0.428, negative
-0.772, 0.933, negative
1.39, -0.218, negative
-0.157, 1.84, negative
1.12, -0.422, negative
0.543, 0.913, negative
-1.16, 1.03, negative
0.602, 1.06, negative
0.0927, -1.02, negative
0.335, 1.95, negative
0.152, -0.964, negative
1.34, -0.0272, negative
0.372, 1.6, negative
-0.149, -1.2, negative
-1.36, 0.887, negative
-1.06, -0.881, negative
-1.19, 1.23, negative
-1.2, 0.932, negative
0.166, -1.25, negative
0.523, -1.38, negative
-0.372, -1.38, negative
1.11, -0.0628, negative
0.659, 1.07, negative
-1.04, -1.07, negative
-0.178, -1.15, negative
-0.486, -1.53, negative
0.0403, -1.51, negative
1.26, 0.462, negative
-0.0537, -1.52, negative
-0.817, -1.11, negative
-0.0866, -1.37, negative
-0.377, -0.973, negative
-0.26, -1.23, negative
-0.381, -0.917, negative
-0.125, -1.48, negative
-0.936, 1.81, negative
0.411, 1.47, negative
1.18, 0.913, negative
-0.668, 0.919, negative
-0.421, -1.09, negative
-1.73, 0.87, negative
-1.18, 0.692, negative
0.021, -0.905, negative
-1.75, 0.722, negative
-0.175, -0.946, negative
0.0066, -0.994, negative
-0.621, 1.11, negative
-0.245, -1.18, negative
-0.49, -1.45, negative
0.126, 0.819, negative
-0.84, -1.05, negative
-1.53, 0.501, negative
-1.08, 0.989, negative
1.53, 0.368, negative
-0.621, -1.12, negative
-0.607, -0.894, negative
1.18, 0.585, negative
0.341, -1.43, negative
-0.0198, -1.22, negative
0.77, 1.4, negative
1.25, -0.118, negative
-0.432, -1.34, negative
-0.893, -1.27, negative
1.15, 0.243, negative
-0.67, 1.22, negative
0.386, -0.997, negative
0.37, 1.03, negative
1.01, 0.397, negative
0.375, 1.24, negative
0.299, 1.49, negative
-0.544, -0.773, negative
-2.25, 0.167, negative
-0.819, 1.26, negative
1.27, -0.159, negative
0.105, 1.77, negative
-0.292, 1.32, negative
1.07, 0.61, negative
-0.715, -1.49, negative
-0.31, 1.45, negative
0.769, 0.772, negative
1.29, 0.488, negative
-0.0192, -1.03, negative
-1.52, 0.66, negative
-0.598, 1.22, negative
1.45, 0.229, negative
1.3, 1.04, negative
-0.89, -1.17, negative
0.0479, -1.06, negative
0.448, 0.71, negative
0.369, 1.69, negative
-0.0397, -1.09, negative
-0.69, -1.33, negative
0.0169, -1.22, negative
-1.12, -1.2, negative
-1.53, 0.257, negative
-0.0979, -1.01, negative
1.71, -0.945, negative
-0.223, 1.04, negative
0.441, -1.13, negative
1.81, -0.551, negative
1.44, 0.898, negative
-0.855, 1.44, negative
0.646, 0.778, negative
0.427, 1.99, negative
1.22, -0.106, negative
0.533, 1.76, negative
-0.597, -1.6, negative
-1.2, -1.04, negative
-0.0605, 1.65, negative
-0.889, -0.884, negative
-0.832, -1.33, negative
-1.67, 0.88, negative
0.374, 0.966, negative
0.496, 1.52, negative
-0.0263, -1.35, negative
0.174, -1.11, negative
-0.173, 1.59, negative
-0.786, -1.33, negative
0.318, 1.4, negative
-0.506, -1.2, negative
0.254, 2.42, negative
-0.803, -0.705, negative
-0.28, -1.3, negative
1.39, -0.013, negative
-0.956, -0.77, negative
-0.235, -1.22, negative
0.934, 0.358, negative
0.183, -1.21, negative
0.404, -0.868, negative
-0.768, -0.909, negative
1.87, -0.239, negative
-2.03, 0.359, negative
0.685, 1.69, negative
0.125, -1.24, negative
0.174, 1.92, negative
0.56, 0.491, negative
-1.93, 0.603, negative
0.329, 1.11, negative
0.803, 1.35, negative
-0.391, 1.32, negative
1.59, -0.522, negative
-1.41, 1.11, negative
-0.429, 1.13, negative
-0.495, 1.31, negative
-0.953, 1.06, negative
-0.617, 1.61, negative
-1.12, 1.1, negative
-0.565, -0.853, negative
-0.9, 1.49, negative
0.379, 1.36, negative
0.745, 0.877, negative
-0.0874, -1.07, negative
-0.843, -1.08, negative
0.803, 0.349, negative
0.0175, 1.47, negative
-1.95, 0.614, negative
-0.654, -0.999, negative
-1.37, 0.645, negative
0.866, 0.612, negative
-0.882, -0.726, negative
-0.754, 1.1, negative
-0.415, -1.3, negative
0.986, 0.843, negative
0.826, 0.744, negative
0.811, 1.07, negative
-0.791, -1.44, negative
0.52, 1.25, negative
-0.62, -0.984, negative
-0.415, 1.48, negative
-0.171, -1.09, negative
-1.17, 0.586, negative
-0.934, -1.58, negative
0.708, 0.961, negative
-0.711, -1.13, negative
-2.07, 0.0318, negative
-0.826, -0.966, negative
-0.786, -1.02, negative
-0.527, 0.887, negative
-0.207, -1.37, negative
-0.0906, 2.01, negative
-0.0773, -1.22, negative
0.345, -0.891, negative
1.68, -0.293, negative
0.99, 1.02, negative
-0.758, -1.21, negative
0.863, 0.765, negative
-0.529, -1.22, negative
-0.547, 1.71, negative
-1.21, -1.22, negative
1.25, 0.794, negative
0.0643, -1.28, negative
0.179, -1.04, negative
-0.66, 0.965, negative
0.15, 1.3, negative
1.45, 0.398, negative
-0.754, 1.19, negative
0.544, 1.41, negative
0.262, -1.16, negative
-1.49, 0.415, negative
0.739, 2.14, negative
0.764, 0.469, negative
-0.715, -0.969, negative
0.468, 0.986, negative
1.31, 0.151, negative
-0.972, -1.06, negative
1.35, -0.177, negative
0.0966, -1.06, negative
-0.394, 1.6, negative
2.04, -0.462, negative
-1.23, -0.977, negative
0.463, -1.28, negative
0.527, -1.02, negative
1.46, 0.651, negative
1.45, -0.507, negative
-0.605, -1.52, negative
-0.145, 1.65, negative
0.843, 0.634, negative
-0.366, -1.52, negative
-0.951, -1.33, negative
1.64, 0.174, negative
-0.132, -1.37, negative
-0.665, -1.04, negative
-1.93, 0.96, negative
0.844, 0.243, negative
-1.3, 0.469, negative
-1.59, 0.913, negative
-0.439, -0.961, negative
-0.928, 1.55, negative
-0.445, -1.24, negative
0.439, -1.09, negative
-0.0163, -1.07, negative
0.282, -1.43, negative
1.9, -0.0565, negative
1.57, -0.0908, negative
-1.57, 0.378, negative
-1.01, 1.21, negative
-1.54, 0.562, negative
-1.36, 0.976, negative
1.63, -0.43, negative
0.34, -1.03, negative
1.19, 0.697, negative
1.08, 0.437, negative
0.678, 0.335, negative
-0.878, 0.659, negative
0.159, 1.51, negative
0.54, -1.26, negative
0.136, -1.36, negative
1.03, 1.61, negative
1.44, 0.0946, negative
0.69, 0.745, negative
-0.497, -1.29, negative
-0.563, 1.29, negative
-0.487, -0.797, negative
0.168, 1.7, negative
1.17, 1.37, negative
-0.347, -1.13, negative
0.669, 0.98, negative
1.37, 0.428, negative
-0.239, -1.42, negative
0.915, 0.611, negative
0.904, 1.15, negative
0.832, 0.442, negative
1.65, 0.0404, negative
0.818, 0.845, negative
1.96, -0.709, negative
1.1, 0.131, negative
0.447, -1.18, negative
0.308, -1.34, negative
-0.813, -1.23, negative
-0.969, 1.02, negative
-0.35, 2.07, negative
1.37, -0.643, negative
1.62, -0.0187, negative
0.243, 1.61, negative
1.8, -0.811, negative
-0.396, 1.21, negative
-1.66, 0.75, negative
0.189, 1.35, negative
0.00356, 1.87, negative
0.64, 1.35, negative
-1.77, 0.457, negative
-0.753, -1.25, negative
1.11, 0.0482, negative
-0.102, -1.31, negative
0.974, 0.898, negative
-0.739, 1.32, negative
0.781, 1.08, negative
-0.0454, 1.75, negative
0.908, 0.127, negative
0.0337, -1.13, negative
0.268, 1.14, negative
-0.109, -0.884, negative
-0.869, 0.625, negative
-0.808, -1.5, negative
0.834, 1.24, negative
0.838, 1.5, negative
-1.04, 1.27, negative
-0.314, -0.919, negative
-0.581, -1.34, negative
1.27, 0.589, negative
1.26, 0.0903, negative
0.646, 1.23, negative
0.0325, -1.46, negative
0.0291, -1.12, negative
-0.298, -0.823, negative
-1.01, -1.29, negative
-0.177, -1.12, negative
-0.346, -1.5, negative
0.58, 1.17, negative
0.586, 0.402, negative
-2.84, -0.177, negative
0.534, 2.15, negative
1.61, -0.387, negative
1.22, 0.325, negative
-1.18, 0.862, negative
1.4, 0.541, negative
-1.49, 0.885, negative
-0.141, -0.797, negative
-0.0128, -1.27, negative
0.218, 1.32, negative
0.44, -0.778, negative
0.207, -1.38, negative
-1.62, 0.593, negative
1.04, 0.93, negative
-0.214, 1.76, negative
-0.665, 1.61, negative
-1.63, 0.524, negative
-0.49, 1.25, negative
0.941, 1.46, negative
-1.06, 0.817, negative
0.308, -0.913, negative
0.272, -1.12, negative
1.06, 0.763, negative
-0.643, 1.68, negative
-0.881, -1.59, negative
1.54, -0.193, negative
0.312, -1.23, negative
1.71, 0.569, negative
0.529, 1.62, negative
1.12, 0.822, negative
1.07, 0.646, negative
0.0727, -1.46, negative
-0.124, -1.12, negative
-0.135, -1.1, negative
1.18, 0.0819, negative
0.515, 0.884, negative
0.603, -1.0, negative
1.88, -0.368, negative
-0.195, 1.31, negative
-0.914, 1.07, negative
-0.949, 1.0, negative
0.295, -1.36, negative
-1.03, 1.31, negative
1.22, -0.345, negative
-0.851, 0.681, negative
-0.311, -1.07, negative
0.0182, 1.68, negative
0.73, -0.37, negative
-0.405, -1.09, negative
1.29, -0.499, negative
-1.03, 0.654, negative
0.0209, -0.973, negative
-0.634, 1.21, negative
0.793, 0.836, negative
-0.287, -1.07, negative
0.494, 1.18, negative
-0.0207, -1.14, negative
1.54, -0.26, negative
1.72, -0.471, negative
1.22, 0.217, negative
1.17, 0.407, negative
-0.516, 1.46, negative
0.0647, -1.22, negative
-0.0949, -0.821, negative
-0.222, 2.47, negative
-1.33, 0.897, negative
0.254, -0.862, negative
1.39, -0.376, negative
0.196, -1.71, negative
0.179, 1.87, negative
-0.0693, -1.3, negative
-0.0782, -1.1, negative
-1.07, 1.16, negative
-0.958, 0.536, negative
1.24, 0.554, negative
0.538, -1.39, negative
2.34, -1.25, negative
-0.463, -1.2, negative
0.985, 1.16, negative
-0.0656, 1.24, negative
-1.34, 0.824, negative
-1.42, 0.275, negative
-0.552, -1.18, negative
0.409, 1.76, negative
0.874, 1.79, negative
1.35, 0.644, negative
0.655, 1.14, negative
1.17, 0.511, negative
0.599, 1.14, negative
1.78, 0.272, negative
-0.751, -1.37, negative
-0.276, -1.19, negative
0.804, 0.6, negative
0.611, 0.649, negative
-0.58, -1.09, negative
-0.749, 1.26, negative
-0.634, -0.969, negative
1.39, 0.155, negative
1.1, 0.74, negative
-0.239, -0.848, negative
1.03, 0.805, negative
-1.07, 0.707, negative
-0.625, 1.38, negative
-1.48, 0.74, negative
-0.9, 0.858, negative
0.721, 0.731, negative
-0.481, 1.09, negative
-0.594, -1.21, negative
0.0526, -1.31, negative
0.72, 0.989, negative
-0.184, -1.4, negative
-0.473, -0.749, negative
1.92, 0.0429, negative
0.68, 0.702, negative
0.0483, 0.866, negative
1.77, 0.109, negative
-0.659, -1.27, negative
-0.305, 1.18, negative
-0.45, -0.928, negative
-1.43, 1.25, negative
-0.136, -1.41, negative
1.37, 0.219, negative
-0.214, -1.27, negative
0.638, 1.11, negative
1.69, -0.724, negative
-0.572, 1.16, negative
0.517, 1.71, negative
-0.853, -1.17, negative
1.18, 0.334, negative
-0.828, -0.839, negative
1.01, 0.48, negative
-0.254, -1.27, negative
0.89, 0.864, negative
0.486, 0.991, negative
-0.917, -1.08, negative
-0.864, -1.56, negative
0.69, 1.57, negative
-0.508, -1.7, negative
-0.7, -1.25, negative
-1.32, 1.1, negative
-0.23, 1.08, negative
-0.515, 0.976, negative
0.0545, -1.32, negative
0.851, 0.95, negative
1.7, -0.0336, negative
-1.02, -1.19, negative
-1.35, 1.32, negative
1.06, 0.266, negative
1.21, 0.752, negative
-1.09, 0.531, negative
1.16, 0.978, negative
0.893, 0.345, negative
0.0345, -0.691, negative
-1.59, 0.138, negative
-0.0275, -1.42, negative
-0.567, -1.14, negative
-0.522, -1.34, negative
-0.204, -1.54, negative
0.311, 1.68, negative
-0.215, -1.01, negative
0.569, 1.44, negative
-0.506, -1.09, negative
1.21, 0.354, negative
1.16, -0.254, negative
0.512, -1.34, negative
0.535, 1.99, negative
0.328, 0.553, negative
1.0, 0.254, negative
-0.811, -1.15, negative
-0.999, 0.906, negative
1.57, -0.566, negative
0.763, 0.921, negative
-0.175, -0.909, negative
0.0899, -1.09, negative
-0.119, -0.842, negative
-0.639, -1.37, negative
-0.683, 1.38, negative
-2.6, 0.217, negative
-0.268, -1.26, negative
0.914, 0.26, negative
-1.95, -0.9, positive
0.981, 0.26, positive
-1.12, 0.589, positive
-1.07, -0.616, positive
0.833, -0.593, positive
-0.213, 0.77, positive
-0.132, 1.68, positive
0.281, -0.4, positive
0.854, -0.537, positive
-0.617, -0.458, positive
-1.44, 0.0919, positive
0.195, -0.296, positive
-1.82, -0.847, positive
-0.103, -0.414, positive
0.347, 0.414, positive
-1.54, -0.598, positive
1.35, 1.21, positive
0.974, -1.32, positive
0.47, -0.765, positive
-1.8, -1.62, positive
-0.776, 0.127, positive
0.384, -0.314, positive
0.118, 0.13, positive
-1.52, 0.246, positive
-0.146, 0.132, positive
-0.21, 0.171, positive
0.454, 1.48, positive
-0.533, -0.402, positive
-0.715, 0.0859, positive
-1.51, -0.27, positive
0.0188, 0.0512, positive
0.465, 0.283, positive
0.554, -0.454, positive
0.62, -0.986, positive
-0.149, 0.816, positive
-1.44, -0.43, positive
0.885, -0.372, positive
0.328, 1.71, positive
-1.52, -0.368, positive
-0.274, 0.0468, positive
-1.35, -0.688, positive
0.753, 1.89, positive
1.19, -1.34, positive
1.16, -0.357, positive
0.636, 1.34, positive
-0.613, 0.775, positive
-0.288, 0.305, positive
0.894, -0.742, positive
0.00665, 0.0118, positive
-0.211, -0.334, positive
-0.824, -0.471, positive
-0.403, -0.488, positive
0.192, 1.94, positive
-0.369, 0.692, positive
0.103, 0.329, positive
0.576, -0.342, positive
0.558, -1.06, positive
-1.2, -0.451, positive
1.12, -0.447, positive
2.69, 1.12, positive
-0.753, -0.0615, positive
1.09, -0.538, positive
0.785, 0.0481, positive
0.133, -0.227, positive
0.955, -0.23, positive
0.318, 1.82, positive
-1.73, -1.3, positive
-0.079, 0.227, positive
-1.36, -0.848, positive
1.07, -0.985, positive
-0.875, 0.591, positive
-1.34, -0.419, positive
-1.18, 0.422, positive
0.704, -0.906, positive
0.222, 1.47, positive
-1.07, 0.0456, positive
-0.141, -0.119, positive
-1.69, -1.87, positive
0.901, -0.952, positive
-0.972, -1.08, positive
-1.61, -0.39, positive
1.8, 1.53, positive
0.993, 0.397, positive
-0.0897, -0.115, positive
0.955, 0.142, positive
-0.785, -0.361, positive
-1.11, 0.276, positive
1.74, 0.964, positive
0.744, 1.42, positive
-0.558, 0.572, positive
1.1, -0.364, positive
-1.72, 0.142, positive
-1.15, -0.659, positive
1.96, 1.28, positive
0.587, -0.311, positive
-0.241, -0.374, positive
0.0949, -0.854, positive
-1.4, -0.183, positive
-0.316, 0.177, positive
-0.074, 1.97, positive
1.31, -0.36, positive
1.46, -0.417, positive
-0.113, 2.13, positive
-0.566, -0.563, positive
-0.413, -0.0275, positive
-0.233, 0.593, positive
0.495, -0.281, positive
2.43, 1.31, positive
0.429, 1.94, positive
0.408, -0.664, positive
-0.302, -0.116, positive
-1.7, -0.554, positive
-0.149, -0.0185, positive
1.5, 1.5, positive
-0.581, 0.582, positive
1.77, 1.35, positive
1.73, 1.26, positive
-0.407, 0.602, positive
-1.28, -1.17, positive
-1.02, 0.899, positive
-1.51, -0.966, positive
0.243, 0.304, positive
0.563, 0.137, positive
-1.69, -1.2, positive
1.19, -0.966, positive
0.725, -0.54, positive
-0.685, 0.459, positive
-1.4, 0.261, positive
1.16, -1.24, positive
0.416, 0.1, positive
-1.86, -1.3, positive
-0.484, 0.615, positive
0.652, -0.646, positive
0.778, -0.694, positive
0.552, -0.199, positive
-1.31, 0.00723, positive
-0.131, 1.76, positive
-1.31, -0.354, positive
-1.12, 0.154, positive
-1.77, -0.592, positive
-0.82, -0.76, positive
-0.653, 0.433, positive
1.97, 1.41, positive
-0.172, -0.676, positive
0.635, 1.67, positive
-0.341, -0.0358, positive
0.236, 0.443, positive
-0.0652, 0.631, positive
-0.243, 1.76, positive
1.2, -0.754, positive
0.866, -0.807, positive
0.317, -0.0233, positive
0.544, -0.842, positive
0.276, -0.218, positive
0.9, -1.36, positive
-0.21, 0.11, positive
-1.29, -0.529, positive
0.478, 0.46, positive
0.833, -0.0565, positive
0.404, 0.00999, positive
-0.825, 0.481, positive
0.366, 0.164, positive
1.43, -1.21, positive
0.101, 0.881, positive
-1.5, -1.22, positive
1.33, 1.42, positive
0.698, -0.655, positive
-1.17, -0.073, positive
-1.55, -1.47, positive
0.677, 0.108, positive
1.23, -1.55, positive
-1.42, -0.36, positive
-0.781, -0.113, positive
-1.09, -0.463, positive
1.31, -1.08, positive
2.34, 1.16, positive
-1.79, -0.954, positive
0.385, -1.07, positive
-1.03, -0.858, positive
1.45, -1.78, positive
1.15, -1.56, positive
-1.52, -0.658, positive
-1.52, -0.00335, positive
2.64, 0.966, positive
0.455, -0.869, positive
0.333, -0.845, positive
-1.96, -1.09, positive
0.0439, 2.03, positive
-0.672, 0.683, positive
0.207, 0.65, positive
-0.991, 0.114, positive
0.135, 0.0532, positive
1.08, -1.76, positive
-0.577, 0.206, positive
-0.916, 0.397, positive
-2.04, -0.584, positive
0.122, 0.599, positive
1.1, 1.38, positive
-1.08, -0.0594, positive
-0.106, -0.316, positive
1.41, -0.808, positive
0.817, -0.941, positive
0.743, -1.18, positive
0.522, 1.36, positive
-1.89, -0.727, positive
-0.387, 0.26, positive
1.04, -1.13, positive
-0.288, 0.385, positive
-0.461, 0.343, positive
-0.528, 0.296, positive
-0.422, -0.241, positive
-1.08, -0.868, positive
1.23, -0.615, positive
-0.248, 0.514, positive
1.46, -1.06, positive
0.205, -0.471, positive
-1.21, -1.16, positive
0.143, 0.263, positive
-0.836, -0.65, positive
-1.29, -0.264, positive
0.497, -0.671, positive
1.26, -0.553, positive
2.03, 1.32, positive
-1.51, -0.196, positive
-1.38, -1.08, positive
1.13, 1.51, positive
0.313, 0.189, positive
-1.86, -1.47, positive
-0.707, -0.568, positive
-0.295, 0.565, positive
-0.208, 0.332, positive
0.913, -0.318, positive
-1.24, -0.72, positive
0.875, 1.82, positive
1.64, 1.53, positive
-0.339, 0.806, positive
-0.287, -0.726, positive
2.4, 1.2, positive
-1.51, -0.769, positive
-2.25, -1.96, positive
-1.85, -0.467, positive
2.75, 1.47, positive
-0.561, -0.787, positive
0.257, 0.154, positive
0.0271, 1.83, positive
0.335, 1.39, positive
-1.27, 0.184, positive
-1.03, 0.153, positive
2.29, 1.32, positive
-0.455, 0.494, positive
0.0554, -0.139, positive
1.01, 1.57, positive
-1.77, -0.455, positive
0.207, 0.0304, positive
-1.22, 0.569, positive
-1.02, -0.296, positive
-1.51, -1.16, positive
1.4, -1.13, positive
-0.606, -0.129, positive
-1.67, -1.73, positive
1.21, -0.873, positive
1.89, 1.1, positive
-0.145, 0.471, positive
-1.11, -0.351, positive
1.41, -2.09, positive
-1.26, -0.515, positive
-1.01, -0.155, positive
1.05, -0.723, positive
-2.0, -1.72, positive
0.902, -1.08, positive
0.364, -0.269, positive
0.151, 0.322, positive
1.21, 1.31, positive
-0.77, 0.364, positive
-0.0708, 0.439, positive
1.25, -0.146, positive
0.182, -0.0823, positive
1.54, 1.75, positive
-0.301, 1.82, positive
0.932, 1.43, positive
-1.45, -0.167, positive
-1.55, -1.6, positive
-0.914, -0.522, positive
1.15, 1.16, positive
-0.882, -0.608, positive
0.113, 0.462, positive
2.48, 1.21, positive
-0.599, -0.521, positive
-0.261, 0.204, positive
0.553, -0.172, positive
-1.67, -1.5, positive
0.812, -0.195, positive
1.64, 1.12, positive
1.04, -0.24, positive
-0.719, -0.384, positive
-1.87, -1.17, positive
-1.04, -0.2, positive
-1.97, -0.271, positive
-1.58, -0.798, positive
0.532, -0.0431, positive
0.262, -0.538, positive
0.683, 1.6, positive
-0.162, -0.334, positive
-1.5, 0.0847, positive
0.603, 1.8, positive
-0.651, -0.103, positive
0.0821, -0.398, positive
-1.23, -0.308, positive
0.466, 0.322, positive
0.283, 0.394, positive
-0.952, 4.32E-4, positive
-0.71, -0.874, positive
1.23, -1.4, positive
0.388, -0.0851, positive
-2.03, -1.23, positive
-1.65, -0.723, positive
1.06, -0.427, positive
0.819, 0.0462, positive
1.01, -1.05, positive
-0.48, 0.0507, positive
1.45, 1.33, positive
-1.69, -0.0461, positive
-0.468, -0.206, positive
2.18, 1.13, positive
-2.14, -1.43, positive
0.894, -0.992, positive
0.235, 0.772, positive
1.33, 1.63, positive
0.767, -0.248, positive
0.734, -0.212, positive
-1.36, -0.324, positive
2.12, 0.978, positive
-1.8, -1.25, positive
-1.64, -1.27, positive
-0.924, -0.102, positive
-0.968, 0.348, positive
0.145, -0.415, positive
-0.61, -0.306, positive
-1.14, -0.245, positive
0.289, 0.598, positive
-1.22, 0.0836, positive
-0.876, 0.232, positive
2.36, 1.5, positive
0.29, -0.481, positive
-0.844, 0.371, positive
-1.38, -1.11, positive
1.31, -1.81, positive
0.634, 0.366, positive
-0.00329, -0.0777, positive
0.683, -0.0347, positive
1.05, -0.655, positive
-0.174, -0.478, positive
0.227, 1.71, positive
1.01, 1.21, positive
-1.26, -1.01, positive
-1.55, -0.663, positive
-1.01, -0.397, positive
-1.67, -0.266, positive
-0.0574, -0.208, positive
-1.21, -0.854, positive
-0.927, -0.595, positive
0.321, 0.299, positive
0.75, 1.63, positive
-0.348, 0.119, positive
-1.64, -0.962, positive
-1.02, 0.521, positive
1.2, -1.65, positive
1.26, -1.25, positive
-1.42, -1.28, positive
-1.4, -0.107, positive
-0.0767, 1.68E-4, positive
-0.582, -0.587, positive
-0.201, 0.287, positive
0.45, -0.104, positive
0.149, -0.295, positive
0.434, -0.189, positive
0.862, -1.24, positive
-1.21, 0.357, positive
1.37, -1.52, positive
-0.138, -0.0524, positive
1.09, -1.24, positive
1.53, -1.81, positive
-0.0529, -0.0168, positive
-0.403, -0.636, positive
-0.0281, -0.323, positive
0.424, 1.64, positive
-1.08, 0.114, positive
1.32, -0.616, positive
-1.39, -0.943, positive
0.929, -0.902, positive
0.791, 1.69, positive
-0.501, 0.0787, positive
0.0438, 0.536, positive
0.00902, -0.434, positive
-1.25, -0.689, positive
0.976, -1.39, positive
1.09, -1.12, positive
0.569, 1.62, positive
-0.0273, 0.739, positive
2.17, 1.24, positive
0.371, -0.589, positive
-0.184, -0.751, positive
0.0381, 0.167, positive
0.171, 1.59, positive
-0.633, -0.698, positive
2.37, 1.07, positive
-0.854, -0.379, positive
-0.492, 0.124, positive
-0.508, -0.694, positive
0.608, 0.0135, positive
0.933, -1.24, positive
1.47, -1.29, positive
-1.01, 0.357, positive
-0.64, -0.238, positive
0.521, 0.56, positive
1.16, 0.151, positive
0.0745, -0.607, positive
-2.02, -0.792, positive
-0.747, 0.468, positive
-1.17, -0.556, positive
0.501, 0.0553, positive
1.39, -1.11, positive
-0.106, 0.552, positive
-1.36, -0.258, positive
-1.33, -0.12, positive
0.0235, -0.18, positive
-1.82, -0.665, positive
0.802, 0.431, positive
-1.31, 0.175, positive
-0.866, -0.197, positive
-1.33, -0.861, positive
-0.0275, -0.582, positive
2.06, 1.12, positive
0.133, -0.568, positive
0.686, -0.19, positive
-1.84, -0.284, positive
1.39, -0.631, positive
0.98, -0.0439, positive
1.37, -0.8, positive
-0.764, 0.218, positive
0.473, 0.339, positive
-1.01, -1.27, positive
-0.795, 0.276, positive
0.595, 0.546, positive
-1.86, -0.963, positive
0.701, 0.0237, positive
-1.76, -1.17, positive
-0.0692, 1.73, positive
-0.425, 0.996, positive
1.38, -1.36, positive
-0.522, 0.877, positive
0.527, -0.251, positive
0.811, -1.65, positive
1.28, -0.176, positive
1.91, 1.37, positive
-0.384, -0.397, positive
0.824, -0.673, positive
-1.78, -0.687, positive
-1.96, -0.442, positive
0.142, -0.698, positive
0.269, 1.62, positive
1.89, 0.834, positive
-0.784, -0.00647, positive
-1.53, -0.466, positive
-0.436, 0.821, positive
-1.22, -0.119, positive
-0.298, -0.243, positive
0.896, 1.58, positive
0.768, -0.917, positive
-1.6, -1.44, positive
1.49, 1.59, positive
0.167, -0.793, positive
-1.13, -0.0634, positive
1.24, 1.45, positive
-1.42, -1.51, positive
-0.398, -1.28, negative
-0.279, -1.06, negative
-0.619, -0.748, negative
-0.52, 1.2, negative
0.505, 1.45, negative
0.365, 0.632, negative
-0.882, 1.29, negative
0.999, 0.811, negative
-0.439, 1.37, negative
0.253, -1.3, negative
1.1, 0.604, negative
1.03, 1.29, negative
0.444, 1.14, negative
-0.226, -1.45, negative
-1.68, 0.93, negative
0.211, -1.28, negative
0.428, -1.43, negative
0.994, 0.0734, negative
-0.126, -1.67, negative
1.23, -0.00847, negative
0.0604, 1.64, negative
1.14, 0.376, negative
1.06, -0.232, negative
1.11, 0.989, negative
0.0909, -1.39, negative
-0.59, -1.04, negative
1.64, 0.513, negative
1.47, -0.0578, negative
-1.12, -1.39, negative
0.238, 1.74, negative
1.2, 0.298, negative
0.722, 0.153, negative
-0.779, 1.09, negative
-0.689, -1.45, negative
-0.285, 1.39, negative
0.465, -1.26, negative
-0.342, -1.31, negative
-0.926, 0.916, negative
0.924, 0.701, negative
1.4, 0.855, negative
-1.98, 0.345, negative
-0.676, 0.797, negative
0.923, 0.933, negative
-0.932, -1.02, negative
1.57, -0.0786, negative
-0.512, -0.954, negative
0.199, -0.86, negative
-1.34, 0.54, negative
-0.124, -0.95, negative
-0.298, -1.26, negative
-0.165, -0.697, negative
0.258, -0.85, negative
0.143, -0.786, negative
0.0886, -0.844, negative
-1.05, 0.72, negative
0.924, 0.861, negative
0.198, -1.19, negative
0.932, 0.501, negative
-0.862, 1.01, negative
0.157, 0.956, negative
0.794, 1.01, negative
1.01, 0.555, negative
-0.741, 0.979, negative
0.568, 0.244, negative
1.09, 0.614, negative
-0.0113, -0.78, negative
0.177, -1.07, negative
-1.01, -1.53, negative
-0.384, -1.08, negative
-0.734, 1.25, negative
-0.412, -0.689, negative
-0.117, 1.47, negative
1.41, 0.83, negative
0.659, 0.913, negative
-1.55, 0.695, negative
-0.139, -1.26, negative
-0.79, -0.823, negative
-0.471, -0.919, negative
-1.62, 0.102, negative
1.3, 0.648, negative
-0.736, -1.14, negative
0.952, 0.616, negative
-1.3, 0.867, negative
1.33, 0.335, negative
-0.936, -1.5, negative
1.38, 0.131, negative
1.11, -0.106, negative
1.29, 0.23, negative
0.0949, -1.56, negative
-1.04, 0.984, negative
-0.434, -1.16, negative
1.36, 0.258, negative
0.0128, 1.29, negative
-0.56, 1.06, negative
0.17, -0.719, negative
1.11, 0.431, negative
-0.806, 0.941, negative
1.34, -0.261, negative
-0.162, 1.84, negative
1.27, -0.685, negative
0.552, 0.942, negative
-1.13, 1.01, negative
0.592, 0.973, negative
0.0533, -1.02, negative
0.469, 1.91, negative
0.217, -0.961, negative
1.3, -0.028, negative
0.321, 1.58, negative
-0.162, -1.24, negative
-1.37, 0.928, negative
-0.995, -0.937, negative
-1.19, 1.14, negative
-1.14, 0.915, negative
0.194, -1.27, negative
0.431, -1.46, negative
-0.375, -1.39, negative
1.18, -0.0335, negative
0.657, 1.05, negative
-1.04, -1.08, negative
-0.137, -1.16, negative
-0.467, -1.51, negative
0.032, -1.5, negative
1.22, 0.423, negative
-0.0571, -1.5, negative
-0.779, -1.14, negative
-0.0868, -1.33, negative
-0.369, -0.965, negative
-0.279, -1.25, negative
-0.416, -0.941, negative
-0.0545, -1.45, negative
-0.8, 1.66, negative
0.359, 1.52, negative
1.24, 0.828, negative
-0.758, 0.794, negative
-0.433, -1.13, negative
-1.78, 0.819, negative
-1.15, 0.729, negative
0.0301, -0.894, negative
-1.69, 0.706, negative
-0.155, -1.03, negative
-0.00264, -1.02, negative
-0.647, 1.08, negative
-0.227, -1.19, negative
-0.534, -1.4, negative
0.35, 0.889, negative
-0.835, -1.06, negative
-1.54, 0.503, negative
-1.02, 0.968, negative
1.49, 0.365, negative
-0.626, -1.18, negative
-0.667, -0.895, negative
1.19, 0.594, negative
0.263, -1.48, negative
-0.0476, -1.24, negative
0.784, 1.39, negative
1.23, -0.115, negative
-0.364, -1.4, negative
-0.86, -1.27, negative
1.18, 0.204, negative
-0.701, 1.17, negative
0.383, -0.987, negative
0.234, 0.958, negative
1.05, 0.444, negative
0.328, 1.28, negative
0.314, 1.54, negative
-0.583, -0.743, negative
-2.32, 0.0861, negative
-0.794, 1.24, negative
1.28, -0.236, negative
0.07, 1.7, negative
-0.203, 1.26, negative
1.07, 0.512, negative
-0.652, -1.54, negative
-0.357, 1.51, negative
0.809, 0.741, negative
1.29, 0.525, negative
-0.0172, -1.03, negative
-1.54, 0.643, negative
-0.623, 1.24, negative
1.45, 0.211, negative
1.22, 1.04, negative
-0.932, -1.15, negative
0.0624, -1.05, negative
0.432, 0.749, negative
0.387, 1.71, negative
-0.021, -1.09, negative
-0.642, -1.35, negative
0.0292, -1.21, negative
-1.08, -1.17, negative
-1.63, 0.293, negative
-0.0264, -0.952, negative
1.49, -0.886, negative
-0.307, 0.938, negative
0.405, -1.2, negative
1.85, -0.558, negative
1.19, 0.997, negative
-0.869, 1.38, negative
0.711, 0.787, negative
0.444, 1.99, negative
1.22, -0.0466, negative
0.504, 1.78, negative
-0.558, -1.67, negative
-1.16, -1.01, negative
-0.0461, 1.65, negative
-0.911, -0.908, negative
-0.811, -1.35, negative
-1.66, 0.835, negative
0.388, 0.863, negative
0.479, 1.48, negative
-0.0261, -1.38, negative
0.176, -1.11, negative
-0.0697, 1.56, negative
-0.783, -1.33, negative
0.291, 1.34, negative
-0.487, -1.19, negative
0.422, 2.33, negative
-0.737, -0.617, negative
-0.27, -1.28, negative
1.42, -0.146, negative
-0.968, -0.912, negative
-0.25, -1.23, negative
0.934, 0.32, negative
0.21, -1.26, negative
0.351, -0.964, negative
-0.731, -0.906, negative
1.89, -0.243, negative
-2.0, 0.403, negative
0.625, 1.67, negative
0.123, -1.24, negative
0.127, 1.94, negative
0.604, 0.555, negative
-1.8, 0.529, negative
0.354, 1.06, negative
0.847, 1.4, negative
-0.376, 1.33, negative
1.64, -0.605, negative
-1.41, 1.09, negative
-0.391, 1.03, negative
-0.496, 1.41, negative
-0.956, 1.11, negative
-0.599, 1.44, negative
-1.11, 1.1, negative
-0.524, -0.857, negative
-0.951, 1.39, negative
0.386, 1.55, negative
0.675, 0.886, negative
-0.0957, -1.06, negative
-0.83, -1.08, negative
0.726, 0.289, negative
-0.0338, 1.52, negative
-1.96, 0.445, negative
-0.617, -1.02, negative
-1.46, 0.657, negative
0.851, 0.598, negative
-0.817, -0.783, negative
-0.753, 1.1, negative
-0.414, -1.28, negative
1.02, 0.858, negative
0.85, 0.726, negative
0.879, 1.03, negative
-0.761, -1.44, negative
0.545, 1.28, negative
-0.615, -0.97, negative
-0.372, 1.54, negative
-0.181, -1.1, negative
-1.15, 0.587, negative
-0.888, -1.59, negative
0.735, 0.932, negative
-0.666, -1.1, negative
-2.37, -0.01, negative
-0.876, -1.0, negative
-0.753, -1.08, negative
-0.509, 0.912, negative
-0.187, -1.38, negative
0.0935, 2.1, negative
-0.0699, -1.2, negative
0.372, -0.809, negative
1.72, -0.259, negative
1.04, 0.952, negative
-0.798, -1.21, negative
0.867, 0.81, negative
-0.539, -1.21, negative
-0.443, 1.86, negative
-1.04, -1.42, negative
1.19, 0.812, negative
0.0598, -1.26, negative
0.265, -1.06, negative
-0.63, 0.949, negative
0.196, 1.27, negative
1.4, 0.377, negative
-0.753, 1.18, negative
0.535, 1.4, negative
0.216, -1.12, negative
-1.52, 0.388, negative
0.81, 1.93, negative
0.746, 0.441, negative
-0.724, -0.973, negative
0.489, 0.904, negative
1.3, 0.186, negative
-1.25, -1.1, negative
1.31, -0.254, negative
0.117, -1.07, negative
-0.301, 1.69, negative
2.06, -0.482, negative
-1.26, -0.912, negative
0.401, -1.31, negative
0.521, -1.04, negative
1.47, 0.574, negative
1.41, -0.447, negative
-0.435, -1.53, negative
-0.142, 1.65, negative
0.91, 0.665, negative
-0.275, -1.6, negative
-1.01, -1.36, negative
1.77, 0.239, negative
-0.138, -1.37, negative
-0.68, -1.07, negative
-1.74, 0.975, negative
0.802, 0.133, negative
-1.2, 0.455, negative
-1.57, 0.905, negative
-0.447, -1.0, negative
-0.862, 1.53, negative
-0.446, -1.28, negative
0.446, -1.07, negative
-0.0723, -1.08, negative
0.249, -1.46, negative
1.77, 0.013, negative
1.59, -0.0963, negative
-1.58, 0.456, negative
-0.999, 1.2, negative
-1.4, 0.553, negative
-1.47, 0.96, negative
1.57, -0.389, negative
0.308, -1.06, negative
1.11, 0.685, negative
1.07, 0.441, negative
0.781, 0.415, negative
-0.96, 0.644, negative
0.144, 1.56, negative
0.63, -1.23, negative
0.0973, -1.33, negative
1.13, 1.48, negative
1.5, 0.0442, negative
0.719, 0.759, negative
-0.523, -1.31, negative
-0.638, 1.32, negative
-0.509, -0.824, negative
0.121, 1.63, negative
1.22, 1.35, negative
-0.372, -1.11, negative
0.676, 0.925, negative
1.39, 0.504, negative
-0.31, -1.38, negative
1.0, 0.654, negative
0.915, 1.15, negative
0.805, 0.42, negative
1.64, 0.0477, negative
0.802, 0.852, negative
1.97, -0.772, negative
1.21, 0.151, negative
0.546, -1.12, negative
0.303, -1.35, negative
-0.817, -1.19, negative
-0.946, 1.02, negative
-0.424, 2.01, negative
1.42, -0.656, negative
1.53, 0.0838, negative
0.229, 1.63, negative
1.95, -1.02, negative
-0.413, 1.17, negative
-1.59, 0.763, negative
0.0941, 1.44, negative
0.155, 1.88, negative
0.557, 1.38, negative
-1.62, 0.468, negative
-0.791, -1.26, negative
1.0, -0.0347, negative
-0.108, -1.3, negative
0.969, 0.921, negative
-0.697, 1.35, negative
0.67, 1.15, negative
-0.00515, 1.75, negative
0.955, -0.0158, negative
0.041, -1.13, negative
0.206, 1.19, negative
-0.0908, -0.846, negative
-0.77, 0.637, negative
-0.772, -1.38, negative
0.844, 1.22, negative
0.752, 1.58, negative
-1.07, 1.3, negative
-0.267, -0.896, negative
-0.588, -1.35, negative
1.24, 0.608, negative
1.27, 0.0842, negative
0.659, 1.28, negative
0.215, -1.66, negative
-0.0127, -1.12, negative
-0.253, -0.809, negative
-1.06, -1.24, negative
-0.264, -1.14, negative
-0.337, -1.45, negative
0.527, 1.18, negative
0.685, 0.546, negative
-2.77, 0.0962, negative
0.434, 2.19, negative
1.68, -0.32, negative
1.24, 0.273, negative
-1.24, 0.788, negative
1.43, 0.57, negative
-1.53, 0.795, negative
-0.101, -0.765, negative
-0.0255, -1.3, negative
0.0786, 1.63, negative
0.387, -0.798, negative
0.16, -1.4, negative
-1.64, 0.572, negative
1.08, 0.925, negative
-0.271, 1.59, negative
-0.729, 1.5, negative
-1.58, 0.807, negative
-0.533, 1.22, negative
0.975, 1.48, negative
-1.1, 0.737, negative
0.247, -0.9, negative
0.301, -1.17, negative
1.04, 0.779, negative
-0.636, 1.72, negative
-0.901, -1.56, negative
1.56, -0.177, negative
0.354, -1.19, negative
1.74, 0.577, negative
0.495, 1.54, negative
1.16, 0.847, negative
1.21, 0.642, negative
0.0432, -1.39, negative
-0.0853, -1.12, negative
-0.134, -1.1, negative
1.19, 0.19, negative
0.55, 0.857, negative
0.548, -0.959, negative
1.88, -0.289, negative
-0.168, 1.32, negative
-0.891, 1.0, negative
-0.957, 1.0, negative
0.34, -1.34, negative
-0.967, 1.22, negative
1.3, -0.346, negative
-0.823, 0.729, negative
-0.234, -0.974, negative
-0.0939, 1.68, negative
0.912, -0.114, negative
-0.397, -1.1, negative
1.27, -0.519, negative
-1.02, 0.675, negative
0.0131, -0.969, negative
-0.636, 1.35, negative
0.753, 0.781, negative
-0.218, -1.05, negative
0.544, 1.22, negative
-0.0184, -1.13, negative
1.5, -0.38, negative
1.72, -0.448, negative
1.2, 0.286, negative
1.17, 0.446, negative
-0.456, 1.55, negative
0.0885, -1.22, negative
-0.122, -0.808, negative
0.125, 2.16, negative
-1.33, 0.878, negative
0.22, -0.867, negative
1.19, -0.404, negative
0.431, -1.56, negative
0.314, 1.84, negative
-0.0373, -1.32, negative
-0.121, -1.05, negative
-1.04, 1.13, negative
-0.967, 0.592, negative
1.19, 0.554, negative
0.614, -1.46, negative
1.87, -1.16, negative
-0.52, -1.17, negative
0.933, 1.21, negative
-0.116, 1.26, negative
-1.34, 0.717, negative
-1.38, 0.678, negative
-0.592, -1.17, negative
0.311, 1.76, negative
0.82, 1.83, negative
1.35, 0.657, negative
0.805, 1.21, negative
1.05, 0.472, negative
0.586, 1.15, negative
1.83, 0.452, negative
-0.777, -1.33, negative
-0.322, -1.12, negative
0.739, 0.673, negative
0.584, 0.679, negative
-0.514, -1.07, negative
-0.918, 1.13, negative
-0.609, -0.917, negative
1.45, 0.273, negative
1.05, 0.701, negative
-0.115, -0.719, negative
1.12, 0.862, negative
-1.08, 0.72, negative
-0.66, 1.41, negative
-1.49, 0.744, negative
-1.02, 0.849, negative
0.724, 0.706, negative
-0.496, 1.03, negative
-0.614, -1.22, negative
0.017, -1.26, negative
0.724, 0.989, negative
-0.19, -1.42, negative
-0.437, -0.789, negative
2.05, -0.105, negative
0.701, 0.564, negative
-0.0845, 1.15, negative
1.8, 0.0607, negative
-0.615, -1.36, negative
-0.309, 1.16, negative
-0.467, -0.945, negative
-1.43, 1.26, negative
-0.16, -1.36, negative
1.29, 0.153, negative
-0.223, -1.28, negative
0.552, 1.04, negative
1.54, -0.749, negative
-0.536, 1.05, negative
0.518, 1.7, negative
-0.834, -1.19, negative
1.12, 0.293, negative
-0.819, -0.943, negative
0.973, 0.457, negative
-0.261, -1.27, negative
0.849, 0.907, negative
0.415, 0.986, negative
-0.897, -1.04, negative
-0.697, -1.69, negative
0.672, 1.57, negative
-0.486, -1.62, negative
-0.698, -1.26, negative
-1.08, 1.01, negative
-0.566, 1.19, negative
-0.443, 1.02, negative
-0.00816, -1.38, negative
0.855, 0.959, negative
1.75, 0.016, negative
-1.04, -1.24, negative
-1.39, 1.09, negative
1.01, 0.257, negative
0.952, 0.427, negative
-1.16, 0.41, negative
1.44, 0.276, negative
0.88, 0.275, negative
0.0524, -0.853, negative
-1.74, 0.254, negative
-0.0203, -1.42, negative
-0.524, -1.09, negative
-0.531, -1.27, negative
-0.268, -1.52, negative
0.133, 2.05, negative
-0.23, -1.02, negative
0.57, 1.42, negative
-0.475, -1.02, negative
1.41, 0.258, negative
1.18, -0.277, negative
0.675, -1.53, negative
0.753, 1.84, negative
0.484, 1.04, negative
0.987, 0.258, negative
-0.943, -1.26, negative
-1.06, 0.917, negative
2.27, 0.284, negative
1.05, 1.07, negative
-0.146, -0.869, negative
0.0965, -1.1, negative
0.877, 0.161, negative
-0.598, -1.38, negative
-0.455, 0.868, negative
-0.765, -1.13, negative
0.463, 0.498, negative
0.921, 0.3, negative
-1.99, -0.912, positive
0.923, 0.166, positive
-1.12, 0.559, positive
-1.08, -0.612, positive
0.834, -0.584, positive
-0.268, 0.75, positive
-0.118, 1.7, positive
0.234, -0.413, positive
0.957, -0.572, positive
-0.744, -0.415, positive
-1.46, 0.0829, positive
0.295, -0.273, positive
-1.82, -0.899, positive
-0.0723, -0.428, positive
0.369, 0.49, positive
-1.54, -0.641, positive
1.37, 1.29, positive
0.961, -1.33, positive
0.464, -0.792, positive
-1.89, -1.7, positive
-0.863, 0.174, positive
0.402, -0.39, positive
0.221, 0.147, positive
-1.5, 0.282, positive
-0.124, 0.181, positive
-0.222, 0.156, positive
0.621, 1.48, positive
-0.529, -0.357, positive
-0.72, 0.189, positive
-1.51, -0.248, positive
-0.0253, 0.0742, positive
0.472, 0.289, positive
0.471, -0.445, positive
0.743, -1.01, positive
-0.0552, 0.882, positive
-1.39, -0.474, positive
0.913, -0.374, positive
0.305, 1.63, positive
-1.57, -0.401, positive
-0.249, 0.0234, positive
-1.33, -0.581, positive
0.713, 2.04, positive
1.26, -1.37, positive
1.22, -0.361, positive
0.625, 1.38, positive
-0.692, 0.759, positive
-0.328, 0.232, positive
0.884, -0.766, positive
0.073, -0.00169, positive
-0.178, -0.238, positive
-0.872, -0.461, positive
-0.428, -0.509, positive
0.168, 1.97, positive
-0.383, 0.671, positive
5.19E-4, 0.282, positive
0.643, -0.403, positive
0.552, -1.07, positive
-1.24, -0.352, positive
1.11, -0.476, positive
2.59, 1.16, positive
-0.748, -0.034, positive
0.96, -0.522, positive
0.811, 0.00911, positive
0.137, -0.247, positive
0.941, -0.254, positive
0.169, 1.86, positive
-1.69, -1.27, positive
-0.0615, 0.299, positive
-1.3, -0.811, positive
1.05, -1.05, positive
-0.779, 0.676, positive
-1.31, -0.498, positive
-1.2, 0.4, positive
0.688, -0.878, positive
0.235, 1.48, positive
-1.11, 0.00172, positive
-0.186, -0.0925, positive
-1.75, -1.92, positive
0.83, -0.939, positive
-1.19, -1.14, positive
-1.61, -0.451, positive
1.79, 1.5, positive
0.816, 0.306, positive
-0.114, -0.147, positive
1.08, 0.148, positive
-0.8, -0.282, positive
-1.14, 0.304, positive
1.78, 1.01, positive
0.712, 1.49, positive
-0.546, 0.442, positive
1.03, -0.382, positive
-1.79, -0.0728, positive
-1.13, -0.622, positive
1.94, 1.25, positive
0.613, -0.211, positive
-0.232, -0.364, positive
0.0828, -0.879, positive
-1.39, -0.118, positive
-0.334, 0.18, positive
-0.23, 2.0, positive
1.37, -0.331, positive
1.42, -0.32, positive
-0.353, 1.98, positive
-0.54, -0.601, positive
-0.5, -0.0595, positive
-0.197, 0.544, positive
0.329, -0.37, positive
2.42, 1.5, positive
0.427, 1.77, positive
0.458, -0.709, positive
-0.279, -0.0928, positive
-1.69, -0.542, positive
-0.184, -0.0314, positive
1.37, 1.45, positive
-0.658, 0.554, positive
1.8, 1.32, positive
1.71, 1.39, positive
-0.327, 0.612, positive
-1.29, -1.14, positive
-0.954, 0.687, positive
-1.55, -1.02, positive
0.258, 0.309, positive
0.603, 0.145, positive
-1.64, -1.16, positive
1.18, -0.917, positive
0.689, -0.506, positive
-0.739, 0.578, positive
-1.54, 0.516, positive
1.19, -1.25, positive
0.472, 0.0979, positive
-1.84, -1.23, positive
-0.515, 0.625, positive
0.578, -0.622, positive
0.764, -0.804, positive
0.546, -0.195, positive
-1.18, 0.0302, positive
-0.077, 1.87, positive
-1.31, -0.32, positive
-1.17, 0.222, positive
-1.78, -0.607, positive
-0.76, -0.698, positive
-0.673, 0.313, positive
1.93, 1.41, positive
-0.208, -0.646, positive
0.642, 1.65, positive
-0.364, -0.0828, positive
0.298, 0.509, positive
-0.0307, 0.678, positive
-0.262, 1.71, positive
1.23, -0.785, positive
0.808, -0.831, positive
0.304, -0.00393, positive
0.604, -0.709, positive
0.315, -0.182, positive
0.842, -1.41, positive
-0.238, 0.126, positive
-1.43, -0.546, positive
0.424, 0.547, positive
0.838, -0.115, positive
0.425, 0.0454, positive
-0.88, 0.407, positive
0.409, 0.212, positive
1.29, -1.19, positive
-0.0839, 1.0, positive
-1.53, -1.17, positive
1.33, 1.43, positive
0.622, -0.546, positive
-1.22, -0.107, positive
-1.59, -1.36, positive
0.74, 0.203, positive
1.25, -1.62, positive
-1.41, -0.357, positive
-0.714, -0.161, positive
-1.07, -0.456, positive
1.34, -1.07, positive
2.37, 1.14, positive
-1.77, -0.828, positive
0.297, -1.11, positive
-0.971, -0.906, positive
1.38, -1.74, positive
1.15, -1.52, positive
-1.57, -0.561, positive
-1.45, -0.0461, positive
2.51, 0.901, positive
0.358, -0.887, positive
0.298, -0.829, positive
-1.87, 1.0, positive
0.171, 2.11, positive
-0.688, 0.709, positive
0.154, 0.629, positive
-1.0, 0.078, positive
0.112, 0.0285, positive
1.15, -1.69, positive
-0.55, 0.236, positive
-0.959, 0.41, positive
-2.17, -0.523, positive
0.0984, 0.629, positive
1.08, 1.37, positive
-0.992, -0.0156, positive
-0.0677, -0.394, positive
1.43, -0.816, positive
0.73, -0.99, positive
0.741, -1.2, positive
0.526, 1.36, positive
-1.94, -0.761, positive
-0.468, 0.245, positive
1.05, -1.11, positive
-0.255, 0.387, positive
-0.44, 0.298, positive
-0.529, 0.365, positive
-0.39, -0.209, positive
-1.2, -0.826, positive
1.17, -0.567, positive
-0.249, 0.505, positive
1.52, -1.12, positive
0.208, -0.427, positive
-1.28, -1.12, positive
0.0256, 0.228, positive
-0.815, -0.682, positive
-1.28, -0.259, positive
0.524, -0.648, positive
1.09, -0.643, positive
2.07, 1.21, positive
-1.51, -0.193, positive
-1.3, -1.08, positive
1.09, 1.49, positive
0.325, 0.213, positive
-1.76, -1.58, positive
-0.747, -0.509, positive
-0.322, 0.535, positive
-0.209, 0.345, positive
0.939, -0.351, positive
-1.3, -0.829, positive
1.01, 1.82, positive
1.61, 1.4, positive
-0.269, 0.961, positive
-0.14, -0.694, positive
2.29, 1.22, positive
-1.45, -0.701, positive
-2.05, -1.93, positive
-1.88, -0.454, positive
2.51, 1.3, positive
-0.636, -0.988, positive
0.271, 0.0595, positive
-0.0208, 1.76, positive
0.344, 1.38, positive
-1.31, 0.239, positive
-1.06, 0.181, positive
2.32, 1.32, positive
-0.452, 0.524, positive
0.0734, -0.162, positive
0.996, 1.46, positive
-1.68, -0.472, positive
0.326, 0.00626, positive
-1.17, 0.564, positive
-1.02, -0.305, positive
-1.45, -1.14, positive
1.42, -1.1, positive
-0.629, -0.118, positive
-1.58, -1.61, positive
1.01, -0.935, positive
1.87, 1.19, positive
-0.252, 0.623, positive
-1.07, -0.306, positive
1.67, -1.77, positive
-1.26, -0.457, positive
-1.02, -0.146, positive
1.06, -0.69, positive
-2.08, -1.78, positive
0.903, -1.17, positive
0.309, -0.175, positive
0.242, 0.347, positive
1.28, 1.35, positive
-0.742, 0.36, positive
-0.158, 0.358, positive
1.26, -0.181, positive
0.15, -0.256, positive
1.46, 1.69, positive
-0.364, 1.7, positive
0.899, 1.4, positive
-1.41, -0.214, positive
-1.62, -1.85, positive
-0.995, -0.507, positive
1.35, 1.1, positive
-0.891, -0.617, positive
0.0914, 0.493, positive
2.41, 1.26, positive
-0.618, -0.506, positive
-0.296, 0.255, positive
0.614, -0.157, positive
-1.76, -1.33, positive
0.812, -0.15, positive
1.54, 1.24, positive
1.02, -0.261, positive
-0.845, -0.377, positive
-1.87, -1.1, positive
-0.988, -0.191, positive
-1.85, -0.347, positive
-1.55, -0.744, positive
0.451, -0.00833, positive
0.271, -0.591, positive
0.742, 1.56, positive
-0.163, -0.398, positive
-1.53, 0.0251, positive
0.605, 1.86, positive
-0.66, -0.0708, positive
0.0219, -0.388, positive
-1.33, -0.276, positive
0.491, 0.194, positive
0.271, 0.38, positive
-0.845, -0.00258, positive
-0.956, -0.818, positive
1.09, -1.37, positive
0.409, -0.0572, positive
-2.1, -1.06, positive
-1.66, -0.792, positive
1.02, -0.351, positive
0.845, 0.00714, positive
0.974, -0.951, positive
-0.479, 0.0719, positive
1.51, 1.52, positive
-1.67, -0.00451, positive
-0.462, -0.187, positive
2.2, 1.14, positive
-2.11, -1.51, positive
0.923, -1.02, positive
0.27, 0.696, positive
1.2, 1.54, positive
0.757, -0.208, positive
0.737, -0.183, positive
-1.39, -0.282, positive
2.17, 0.926, positive
-1.67, -1.26, positive
-1.6, -1.32, positive
-0.862, -0.0613, positive
-0.877, 0.263, positive
0.173, -0.428, positive
-0.628, -0.267, positive
-1.03, -0.357, positive
0.31, 0.57, positive
-1.31, 0.118, positive
-0.814, 0.23, positive
2.36, 1.33, positive
0.332, -0.527, positive
-0.815, 0.334, positive
-1.45, -1.22, positive
1.34, -1.8, positive
0.592, 0.235, positive
-0.0367, -0.144, positive
0.613, -0.0651, positive
1.24, -0.687, positive
-0.211, -0.492, positive
0.247, 1.65, positive
0.74, 1.2, positive
-1.18, -0.898, positive
-1.58, -0.842, positive
-1.01, -0.363, positive
-1.67, -0.212, positive
-0.176, -0.207, positive
-1.21, -0.733, positive
-0.966, -0.628, positive
0.32, 0.282, positive
0.71, 1.7, positive
-0.387, 0.104, positive
-1.61, -1.13, positive
-1.09, 0.437, positive
1.13, -1.75, positive
1.16, -1.3, positive
-1.39, -1.35, positive
-1.46, -0.108, positive
-0.0666, 0.0656, positive
-0.651, -0.528, positive
-0.0962, 0.19, positive
0.412, -0.124, positive
0.166, -0.33, positive
0.387, -6.53E-4, positive
0.896, -1.27, positive
-1.24, 0.323, positive
1.41, -1.48, positive
-0.0911, -0.0844, positive
1.1, -1.17, positive
1.41, -1.38, positive
-0.204, -0.181, positive
-0.508, -0.715, positive
-0.00948, -0.336, positive
0.407, 1.67, positive
-1.14, 0.0337, positive
1.34, -0.632, positive
-1.37, -0.904, positive
0.98, -0.832, positive
0.83, 1.67, positive
-0.482, 0.0903, positive
0.355, 0.562, positive
-0.0662, -0.479, positive
-1.24, -0.706, positive
1.07, -1.38, positive
1.16, -1.1, positive
0.544, 1.63, positive
0.5, 0.762, positive
2.12, 1.1, positive
0.399, -0.594, positive
-0.232, -0.843, positive
-0.0237, 0.303, positive
0.219, 1.59, positive
-0.579, -0.748, positive
2.23, 0.895, positive
-0.927, -0.406, positive
-0.597, 0.232, positive
-0.595, -0.651, positive
0.637, 0.00536, positive
0.774, -1.22, positive
1.52, -1.34, positive
-0.947, 0.445, positive
-0.801, -0.24, positive
0.533, 0.541, positive
1.04, 0.0909, positive
0.097, -0.593, positive
-2.04, -0.978, positive
-0.683, 0.419, positive
-1.15, -0.508, positive
0.566, 0.0815, positive
1.21, -1.02, positive
-0.0584, 0.54, positive
-1.37, -0.213, positive
-1.33, 0.0398, positive
-0.102, -0.306, positive
-1.82, -0.705, positive
0.824, 0.587, positive
-1.38, 0.0973, positive
-0.853, -0.254, positive
-1.46, -0.891, positive
0.0179, -0.7, positive
1.95, 1.09, positive
0.16, -0.616, positive
0.661, -0.199, positive
-1.89, -0.418, positive
1.31, -0.566, positive
0.95, -0.0297, positive
1.33, -0.774, positive
-0.719, 0.242, positive
0.37, 0.312, positive
-0.974, -0.818, positive
-0.699, -5.78E-4, positive
0.569, 0.481, positive
-1.86, -0.977, positive
0.785, 0.158, positive
-1.67, -0.875, positive
0.0285, 1.72, positive
-0.528, 0.953, positive
1.04, -1.17, positive
-0.516, 0.831, positive
0.2, -0.609, positive
0.714, -1.08, positive
1.42, -0.208, positive
1.89, 1.34, positive
-0.431, -0.346, positive
0.332, -0.69, positive
-1.68, -0.528, positive
-2.13, -0.347, positive
0.157, -0.652, positive
0.423, 1.74, positive
2.03, 0.984, positive
-0.768, -0.0166, positive
-1.49, -0.498, positive
-0.275, 1.52, positive
-1.55, -0.132, positive
-0.394, -0.338, positive
1.15, 1.68, positive
0.268, -1.08, positive
-2.0, -2.1, positive
1.41, 1.63, positive
-0.121, -0.498, positive
-1.07, -0.709, positive
0.452, 1.95, positive
-1.4, -1.54, positive
-0.36, -1.28, negative
-0.324, -1.03, negative
-0.644, -0.78, negative
-0.534, 1.15, negative
0.487, 1.45, negative
0.357, 0.647, negative
-0.912, 1.34, negative
0.975, 0.809, negative
-0.436, 1.45, negative
0.237, -1.26, negative
1.15, 0.565, negative
0.976, 1.24, negative
0.395, 1.21, negative
-0.236, -1.54, negative
-1.55, 1.05, negative
0.195, -1.27, negative
0.374, -1.39, negative
0.985, 0.114, negative
-0.0339, -1.66, negative
1.21, 0.0512, negative
0.0114, 1.66, negative
1.12, 0.375, negative
1.03, -0.0835, negative
1.13, 1.07, negative
0.0963, -1.38, negative
-0.55, -1.07, negative
1.47, 0.486, negative
1.46, -0.0465, negative
-1.19, -1.32, negative
0.212, 1.81, negative
1.21, 0.306, negative
0.582, 0.232, negative
-0.795, 1.17, negative
-0.72, -1.39, negative
-0.259, 1.34, negative
0.425, -1.21, negative
-0.38, -1.34, negative
-0.904, 0.953, negative
1.02, 0.72, negative
1.41, 0.9, negative
-1.82, 0.474, negative
-0.804, 0.687, negative
0.922, 0.93, negative
-0.897, -0.972, negative
1.5, -0.0608, negative
-0.518, -0.914, negative
0.137, -0.862, negative
-1.34, 0.595, negative
-0.138, -0.951, negative
-0.315, -1.3, negative
-0.239, -0.619, negative
0.298, -0.878, negative
0.139, -0.762, negative
0.0692, -0.828, negative
-0.93, 0.758, negative
0.952, 0.836, negative
0.163, -1.13, negative
0.909, 0.522, negative
-0.85, 0.963, negative
0.188, 0.914, negative
0.746, 0.991, negative
1.02, 0.508, negative
-0.687, 1.01, negative
0.424, 0.471, negative
1.09, 0.6, negative
-0.0247, -0.765, negative
0.235, -1.05, negative
-0.974, -1.43, negative
-0.381, -1.08, negative
-0.717, 1.23, negative
-0.494, -0.719, negative
0.0319, 1.39, negative
1.3, 0.749, negative
0.676, 0.892, negative
-1.53, 0.679, negative
-0.139, -1.27, negative
-0.706, -0.697, negative
-0.486, -0.887, negative
-1.84, 0.0932, negative
1.3, 0.739, negative
-0.702, -1.2, negative
0.971, 0.64, negative
-1.29, 0.891, negative
1.31, 0.328, negative
-0.899, -1.38, negative
1.41, 0.0907, negative
1.08, -0.133, negative
1.29, 0.337, negative
0.136, -1.49, negative
-1.01, 1.07, negative
-0.356, -1.16, negative
1.35, 0.229, negative
0.127, 1.22, negative
-0.532, 0.978, negative
0.342, -0.701, negative
1.07, 0.399, negative
-0.711, 0.96, negative
1.31, -0.238, negative
-0.0674, 1.85, negative
1.18, -0.789, negative
0.552, 0.961, negative
-1.24, 1.0, negative
0.611, 0.978, negative
0.102, -1.03, negative
0.462, 1.89, negative
0.139, -1.01, negative
1.36, -0.117, negative
0.381, 1.55, negative
-0.12, -1.22, negative
-1.42, 0.83, negative
-1.0, -0.885, negative
-1.24, 1.14, negative
-1.13, 0.928, negative
0.119, -1.28, negative
0.38, -1.35, negative
-0.411, -1.41, negative
1.08, 0.0163, negative
0.677, 1.03, negative
-1.03, -1.09, negative
-0.128, -1.14, negative
-0.446, -1.53, negative
0.0544, -1.59, negative
1.27, 0.433, negative
-0.0247, -1.5, negative
-0.803, -1.09, negative
-0.0791, -1.38, negative
-0.351, -1.0, negative
-0.266, -1.2, negative
-0.329, -0.955, negative
-0.182, -1.54, negative
-0.624, 1.75, negative
0.409, 1.45, negative
1.22, 0.834, negative
-0.824, 0.858, negative
-0.459, -1.11, negative
-1.9, 0.856, negative
-1.13, 0.654, negative
-0.0169, -0.939, negative
-1.8, 0.676, negative
-0.144, -1.03, negative
0.0179, -1.01, negative
-0.625, 1.14, negative
-0.212, -1.18, negative
-0.527, -1.38, negative
0.308, 0.933, negative
-0.779, -1.04, negative
-1.51, 0.481, negative
-1.04, 0.937, negative
1.52, 0.409, negative
-0.633, -1.18, negative
-0.568, -0.873, negative
1.16, 0.598, negative
0.399, -1.48, negative
-0.016, -1.26, negative
0.725, 1.33, negative
1.21, -0.132, negative
-0.411, -1.34, negative
-0.899, -1.25, negative
1.12, 0.173, negative
-0.665, 1.23, negative
0.395, -1.04, negative
0.378, 0.987, negative
1.06, 0.443, negative
0.35, 1.22, negative
0.299, 1.56, negative
-0.499, -0.766, negative
-2.11, 0.193, negative
-0.803, 1.25, negative
1.29, -0.151, negative
-0.00835, 1.76, negative
-0.355, 1.28, negative
1.06, 0.629, negative
-0.614, -1.43, negative
-0.259, 1.52, negative
0.827, 0.755, negative
1.25, 0.555, negative
-0.0388, -0.984, negative
-1.57, 0.629, negative
-0.593, 1.28, negative
1.57, 0.171, negative
1.22, 1.13, negative
-0.942, -1.15, negative
0.0236, -1.07, negative
0.563, 0.661, negative
0.388, 1.72, negative
-0.0341, -1.07, negative
-0.658, -1.31, negative
-0.0508, -1.19, negative
-1.1, -1.13, negative
-1.62, 0.213, negative
-0.0107, -0.96, negative
1.5, -0.993, negative
-0.192, 1.04, negative
0.404, -1.1, negative
1.94, -0.65, negative
1.26, 0.799, negative
-0.834, 1.48, negative
0.68, 0.739, negative
0.355, 2.08, negative
1.18, -0.0513, negative
0.65, 1.86, negative
-0.607, -1.6, negative
-1.19, -0.976, negative
-0.0536, 1.6, negative
-0.861, -0.862, negative
-0.855, -1.33, negative
-1.67, 0.809, negative
0.44, 0.9, negative
0.551, 1.48, negative
-0.0117, -1.34, negative
0.134, -1.06, negative
-0.0931, 1.52, negative
-0.767, -1.3, negative
0.225, 1.34, negative
-0.494, -1.22, negative
0.437, 2.35, negative
-0.827, -0.757, negative
-0.316, -1.36, negative
1.49, -0.00779, negative
-0.828, -0.82, negative
-0.243, -1.24, negative
0.945, 0.309, negative
0.178, -1.24, negative
0.303, -0.94, negative
-0.746, -0.93, negative
1.71, -0.225, negative
-2.01, 0.439, negative
0.619, 1.65, negative
0.12, -1.12, negative
0.149, 1.98, negative
0.595, 0.429, negative
-1.94, 0.598, negative
0.486, 1.05, negative
0.826, 1.42, negative
-0.467, 1.3, negative
1.7, -0.554, negative
-1.4, 1.19, negative
-0.432, 1.13, negative
-0.513, 1.29, negative
-0.983, 1.06, negative
-0.511, 1.53, negative
-1.22, 1.12, negative
-0.544, -0.831, negative
-0.992, 1.4, negative
0.439, 1.5, negative
0.769, 0.855, negative
-0.104, -1.09, negative
-0.855, -1.05, negative
0.745, 0.366, negative
-0.046, 1.51, negative
-1.97, 0.611, negative
-0.639, -1.04, negative
-1.37, 0.648, negative
0.838, 0.603, negative
-0.803, -0.782, negative
-0.829, 1.06, negative
-0.44, -1.3, negative
1.04, 0.816, negative
0.8, 0.662, negative
0.904, 1.04, negative
-0.8, -1.38, negative
0.488, 1.31, negative
-0.599, -0.965, negative
-0.341, 1.55, negative
-0.226, -1.06, negative
-1.13, 0.6, negative
-1.01, -1.65, negative
0.733, 0.926, negative
-0.712, -1.1, negative
-2.0, -0.0624, negative
-0.85, -0.92, negative
-0.755, -1.09, negative
-0.479, 0.91, negative
-0.232, -1.4, negative
-0.218, 2.09, negative
-0.0657, -1.19, negative
0.318, -0.87, negative
1.6, -0.183, negative
0.996, 1.04, negative
-0.803, -1.21, negative
0.962, 0.851, negative
-0.514, -1.21, negative
-0.436, 1.86, negative
-1.2, -1.19, negative
1.27, 0.775, negative
0.0698, -1.25, negative
0.247, -0.96, negative
-0.695, 1.08, negative
0.176, 1.23, negative
1.49, 0.385, negative
-0.75, 1.14, negative
0.538, 1.38, negative
0.26, -1.17, negative
-1.53, 0.39, negative
0.846, 1.87, negative
0.735, 0.571, negative
-0.756, -0.943, negative
0.455, 0.877, negative
1.3, 0.196, negative
-0.982, -1.08, negative
1.26, -0.25, negative
0.0878, -1.08, negative
-0.269, 1.6, negative
2.03, -0.427, negative
-1.31, -0.903, negative
0.484, -1.3, negative
0.56, -1.02, negative
1.5, 0.541, negative
1.35, -0.461, negative
-0.593, -1.58, negative
-0.144, 1.68, negative
0.893, 0.691, negative
-0.362, -1.7, negative
-0.951, -1.3, negative
1.7, 0.157, negative
-0.111, -1.33, negative
-0.734, -1.09, negative
-2.13, 0.678, negative
0.904, 0.195, negative
-1.31, 0.463, negative
-1.52, 0.946, negative
-0.436, -0.954, negative
-1.09, 1.39, negative
-0.477, -1.25, negative
0.527, -1.13, negative
-0.1, -1.05, negative
0.238, -1.51, negative
1.71, -0.044, negative
1.62, -0.131, negative
-1.56, 0.514, negative
-1.08, 1.19, negative
-1.55, 0.588, negative
-1.32, 0.995, negative
1.59, -0.378, negative
0.32, -0.998, negative
1.16, 0.654, negative
1.07, 0.438, negative
0.615, 0.375, negative
-0.872, 0.663, negative
0.0529, 1.52, negative
0.624, -1.31, negative
0.0489, -1.36, negative
1.07, 1.53, negative
1.39, 0.0609, negative
0.589, 0.714, negative
-0.455, -1.3, negative
-0.58, 1.34, negative
-0.478, -0.796, negative
0.0346, 1.7, negative
1.38, 1.27, negative
-0.402, -1.11, negative
0.637, 0.984, negative
1.43, 0.484, negative
-0.299, -1.4, negative
1.01, 0.677, negative
0.801, 1.14, negative
0.824, 0.45, negative
1.63, 0.0545, negative
0.857, 0.875, negative
2.06, -0.893, negative
1.19, 0.115, negative
0.373, -1.17, negative
0.341, -1.32, negative
-0.833, -1.23, negative
-0.983, 1.1, negative
-0.337, 1.85, negative
1.27, -0.747, negative
1.71, 0.0217, negative
0.273, 1.68, negative
1.72, -0.793, negative
-0.491, 1.22, negative
-1.6, 0.788, negative
0.0551, 1.34, negative
0.0545, 2.0, negative
0.648, 1.41, negative
-1.75, 0.318, negative
-0.724, -1.26, negative
1.08, 0.088, negative
-0.148, -1.37, negative
0.91, 0.864, negative
-0.672, 1.35, negative
0.802, 1.21, negative
-0.108, 1.7, negative
0.983, 0.203, negative
0.0194, -1.13, negative
0.335, 1.15, negative
-0.00626, -0.959, negative
-0.869, 0.634, negative
-0.744, -1.39, negative
0.786, 1.31, negative
0.851, 1.46, negative
-1.08, 1.31, negative
-0.329, -0.858, negative
-0.566, -1.33, negative
1.3, 0.555, negative
1.2, 0.0691, negative
0.661, 1.2, negative
0.0114, -1.46, negative
0.00564, -1.14, negative
-0.366, -0.882, negative
-1.1, -1.24, negative
-0.122, -1.14, negative
-0.396, -1.45, negative
0.569, 1.15, negative
0.897, 0.294, negative
-2.56, -0.0784, negative
0.685, 2.2, negative
1.71, -0.424, negative
1.23, 0.354, negative
-1.15, 0.771, negative
1.38, 0.583, negative
-1.49, 0.796, negative
-0.231, -0.75, negative
-0.0554, -1.28, negative
-0.0143, 1.55, negative
0.569, -0.858, negative
0.22, -1.36, negative
-1.73, 0.562, negative
1.06, 0.842, negative
-0.192, 1.66, negative
-0.68, 1.68, negative
-1.49, 0.738, negative
-0.536, 1.19, negative
0.731, 1.31, negative
-1.14, 0.849, negative
0.313, -1.07, negative
0.343, -1.14, negative
1.08, 0.79, negative
-0.704, 1.46, negative
-0.796, -1.63, negative
1.45, -0.26, negative
0.39, -1.2, negative
1.8, 0.757, negative
0.553, 1.54, negative
1.14, 0.866, negative
1.07, 0.668, negative
0.0154, -1.41, negative
-0.0785, -1.16, negative
-0.135, -1.12, negative
1.07, -0.0433, negative
0.598, 0.855, negative
0.606, -0.877, negative
1.79, -0.459, negative
-0.155, 1.29, negative
-0.867, 1.09, negative
-0.961, 1.0, negative
0.0394, -1.35, negative
-0.852, 1.32, negative
1.21, -0.271, negative
-0.866, 0.751, negative
-0.338, -0.91, negative
-0.177, 1.51, negative
0.835, -0.0137, negative
-0.461, -1.07, negative
1.23, -0.493, negative
-1.03, 0.681, negative
0.00273, -0.973, negative
-0.632, 1.35, negative
0.786, 0.859, negative
-0.278, -1.09, negative
0.547, 1.15, negative
-0.0583, -1.15, negative
1.43, -0.366, negative
1.78, -0.508, negative
1.21, 0.197, negative
1.18, 0.392, negative
-0.539, 1.41, negative
0.088, -1.25, negative
-0.0633, -0.699, negative
-0.507, 1.89, negative
-1.34, 0.869, negative
0.517, -0.931, negative
1.47, -0.531, negative
0.417, -1.54, negative
0.273, 1.79, negative
-0.0199, -1.32, negative
-0.11, -1.21, negative
-1.3, 1.16, negative
-0.989, 0.48, negative
1.18, 0.507, negative
0.666, -1.52, negative
1.88, -1.13, negative
-0.47, -1.12, negative
0.897, 1.07, negative
-0.0882, 1.17, negative
-1.33, 0.719, negative
-1.43, 0.245, negative
-0.567, -1.14, negative
0.407, 1.8, negative
0.552, 2.05, negative
1.35, 0.677, negative
0.715, 1.3, negative
1.05, 0.453, negative
0.487, 1.33, negative
1.98, 0.417, negative
-0.78, -1.37, negative
-0.285, -1.1, negative
0.745, 0.681, negative
0.595, 0.677, negative
-0.502, -1.04, negative
-0.621, 1.16, negative
-0.53, -0.944, negative
1.45, 0.273, negative
1.02, 0.729, negative
-0.395, -0.756, negative
1.16, 0.776, negative
-1.12, 0.576, negative
-0.581, 1.36, negative
-1.28, 0.72, negative
-1.02, 0.883, negative
0.72, 0.677, negative
-0.504, 1.03, negative
-0.59, -1.23, negative
0.0105, -1.26, negative
0.778, 0.952, negative
-0.539, -1.39, negative
-0.499, -0.858, negative
1.88, -0.141, negative
0.615, 0.558, negative
-0.167, 1.07, negative
1.74, 0.195, negative
-0.687, -1.29, negative
-0.256, 1.52, negative
-0.463, -1.01, negative
-1.46, 1.11, negative
-0.0743, -1.38, negative
1.29, 0.152, negative
-0.116, -1.23, negative
0.523, 1.05, negative
1.55, -0.649, negative
-0.595, 1.09, negative
0.471, 2.03, negative
-0.843, -1.14, negative
1.2, 0.361, negative
-0.914, -0.919, negative
0.961, 0.454, negative
-0.177, -1.45, negative
0.834, 0.925, negative
0.513, 0.741, negative
-0.964, -1.17, negative
-0.612, -1.42, negative
0.782, 1.8, negative
-0.335, -1.69, negative
-0.718, -1.25, negative
-1.32, 1.12, negative
-0.449, 1.04, negative
-0.579, 0.79, negative
0.0803, -1.15, negative
0.781, 0.911, negative
1.71, -0.289, negative
-1.0, -1.22, negative
-0.994, 1.14, negative
1.09, 0.299, negative
0.949, 0.422, negative
-1.16, 0.381, negative
1.16, 1.05, negative
0.498, 0.567, negative
0.0852, -0.852, negative
-1.08, 0.89, negative
-0.0531, -1.26, negative
-0.489, -1.13, negative
-0.568, -1.36, negative
-0.294, -1.54, negative
0.22, 2.08, negative
-0.138, -1.03, negative
0.471, 1.39, negative
-0.452, -1.22, negative
1.1, 0.253, negative
1.0, -0.0897, negative
0.371, -1.23, negative
0.673, 2.52, negative
0.514, 0.715, negative
0.942, 0.248, negative
-1.01, -1.23, negative
-0.448, 0.91, negative
0.981, -0.0572, negative
0.472, 1.37, negative
-0.315, -1.09, negative
0.0893, -1.1, negative
0.907, 0.191, negative
-0.56, -1.41, negative
0.255, 0.412, negative
-0.652, -1.1, negative
0.917, 0.231, negative
-1.98, -0.88, positive
1.03, 0.252, positive
-0.977, 0.639, positive
-1.07, -0.622, positive
0.847, -0.61, positive
-0.192, 0.791, positive
-0.223, 1.65, positive
0.218, -0.368, positive
0.908, -0.506, positive
-0.707, -0.378, positive
-1.49, -0.00325, positive
0.277, -0.324, positive
-1.78, -0.843, positive
-0.0744, -0.463, positive
0.388, 0.484, positive
-1.54, -0.643, positive
1.35, 1.33, positive
0.983, -1.31, positive
0.553, -0.817, positive
-1.84, -1.64, positive
-0.851, 0.189, positive
0.508, -0.331, positive
0.141, 0.0947, positive
-1.4, 0.247, positive
-0.166, 0.165, positive
-0.142, 0.231, positive
0.632, 1.45, positive
-0.541, -0.332, positive
-0.711, 0.0759, positive
-1.48, -0.297, positive
0.0107, 0.0258, positive
0.434, 0.295, positive
0.428, -0.494, positive
0.725, -0.99, positive
-0.0987, 0.966, positive
-1.39, -0.451, positive
0.93, -0.375, positive
0.319, 1.61, positive
-1.61, -0.363, positive
-0.326, 0.0769, positive
-1.27, -0.673, positive
0.667, 1.92, positive
1.25, -1.38, positive
1.26, -0.328, positive
0.666, 1.36, positive
-0.64, 0.705, positive
-0.305, 0.247, positive
0.941, -0.789, positive
0.00921, -0.00839, positive
-0.214, -0.235, positive
-0.813, -0.57, positive
-0.377, -0.617, positive
0.0809, 1.93, positive
-0.451, 0.775, positive
-0.0017, 0.282, positive
0.643, -0.351, positive
0.576, -1.05, positive
-1.23, -0.336, positive
1.06, -0.453, positive
2.68, 1.17, positive
-0.752, -0.117, positive
1.05, -0.467, positive
0.74, 0.053, positive
0.0368, -0.239, positive
0.886, -0.292, positive
0.224, 1.75, positive
-1.73, -1.32, positive
-0.0439, 0.305, positive
-1.41, -0.856, positive
1.15, -1.01, positive
-0.806, 0.575, positive
-1.28, -0.471, positive
-1.1, 0.419, positive
0.722, -0.975, positive
0.0224, 1.43, positive
-1.07, -0.039, positive
-0.212, -0.155, positive
-1.64, -1.8, positive
0.866, -0.917, positive
-0.978, -1.05, positive
-1.71, -0.319, positive
1.95, 1.53, positive
0.764, 0.381, positive
-0.0625, -0.12, positive
0.916, 0.144, positive
-0.699, -0.359, positive
-1.09, 0.289, positive
1.71, 1.1, positive
0.778, 1.44, positive
-0.641, 0.516, positive
1.05, -0.362, positive
-1.79, -0.124, positive
-1.19, -0.638, positive
1.96, 1.31, positive
0.557, -0.255, positive
-0.216, -0.353, positive
0.139, -0.803, positive
-1.37, -0.177, positive
-0.336, 0.182, positive
-0.119, 2.06, positive
1.28, -0.341, positive
1.35, -0.387, positive
-0.283, 1.88, positive
-0.482, -0.485, positive
-0.543, -0.0204, positive
-0.232, 0.626, positive
0.367, -0.451, positive
2.55, 1.4, positive
0.534, 1.86, positive
0.36, -0.715, positive
-0.219, -0.195, positive
-1.7, -0.569, positive
-0.175, 0.0644, positive
1.33, 1.51, positive
-0.639, 0.522, positive
1.85, 1.38, positive
1.66, 1.3, positive
-0.397, 0.563, positive
-1.31, -1.11, positive
-0.874, 0.719, positive
-1.59, -1.0, positive
0.185, 0.261, positive
0.598, 0.133, positive
-1.63, -1.16, positive
1.14, -0.938, positive
0.724, -0.574, positive
-0.71, 0.465, positive
-1.35, 0.424, positive
1.15, -1.14, positive
0.457, 0.191, positive
-1.87, -1.32, positive
-0.539, 0.648, positive
0.631, -0.674, positive
0.779, -0.815, positive
0.596, -0.172, positive
-1.22, -0.0961, positive
-0.2, 1.74, positive
-1.4, -0.386, positive
-1.17, 0.156, positive
-1.81, -0.543, positive
-0.698, -0.726, positive
-0.616, 0.413, positive
2.04, 1.36, positive
-0.198, -0.661, positive
0.616, 1.77, positive
-0.4, 0.00463, positive
0.28, 0.429, positive
-0.113, 0.626, positive
-0.282, 1.78, positive
1.16, -0.768, positive
0.876, -0.807, positive
0.351, -0.0402, positive
0.614, -0.705, positive
0.292, -0.159, positive
0.875, -1.47, positive
-0.201, 0.0726, positive
-1.25, -0.576, positive
0.435, 0.397, positive
0.816, -0.133, positive
0.408, 0.0673, positive
-0.973, 0.495, positive
0.426, 0.194, positive
1.3, -1.28, positive
0.0853, 0.789, positive
-1.48, -1.23, positive
1.34, 1.44, positive
0.569, -0.538, positive
-1.13, -0.0974, positive
-1.63, -1.41, positive
0.739, 0.139, positive
1.2, -1.56, positive
-1.42, -0.327, positive
-0.849, -0.187, positive
-1.14, -0.494, positive
1.36, -1.06, positive
2.34, 1.18, positive
-1.79, -0.98, positive
0.616, -1.07, positive
-1.06, -0.86, positive
1.33, -1.71, positive
0.995, -1.63, positive
-1.53, -0.665, positive
-1.45, -0.0697, positive
2.51, 1.11, positive
0.383, -0.824, positive
0.282, -0.761, positive
-1.9, -1.1, positive
0.216, 1.96, positive
-0.685, 0.727, positive
0.175, 0.652, positive
-0.95, 0.144, positive
0.155, 0.0373, positive
0.913, -1.6, positive
-0.53, 0.101, positive
-0.851, 0.405, positive
-2.07, -0.521, positive
0.11, 0.553, positive
1.13, 1.38, positive
-0.973, -0.047, positive
-0.0683, -0.404, positive
1.46, -0.91, positive
0.883, -1.0, positive
0.76, -1.16, positive
0.395, 1.35, positive
-1.83, -0.746, positive
-0.474, 0.264, positive
0.999, -1.12, positive
-0.254, 0.403, positive
-0.507, 0.357, positive
-0.472, 0.267, positive
-0.323, -0.264, positive
-1.19, -0.774, positive
1.2, -0.68, positive
-0.291, 0.561, positive
1.45, -1.03, positive
0.249, -0.451, positive
-1.28, -1.07, positive
0.0052, 0.24, positive
-0.818, -0.69, positive
-1.27, -0.273, positive
0.43, -0.654, positive
1.27, -0.573, positive
1.93, 1.34, positive
-1.44, -0.225, positive
-1.39, -1.09, positive
1.22, 1.48, positive
0.279, 0.149, positive
-1.94, -1.61, positive
-0.681, -0.586, positive
-0.296, 0.538, positive
-0.181, 0.344, positive
0.933, -0.277, positive
-1.27, -0.688, positive
0.918, 1.72, positive
1.57, 1.43, positive
-0.202, 0.712, positive
-0.286, -0.571, positive
2.25, 1.21, positive
-1.5, -0.829, positive
-2.01, -1.85, positive
-1.81, -0.488, positive
2.45, 1.25, positive
-0.573, -0.789, positive
0.251, 0.171, positive
-6.89E-4, 2.0, positive
0.387, 1.59, positive
-1.22, 0.177, positive
-1.05, 0.219, positive
2.32, 1.3, positive
-0.472, 0.411, positive
0.0788, -0.0998, positive
0.923, 1.54, positive
-1.74, -0.521, positive
0.201, 0.0024, positive
-1.16, 0.469, positive
-0.975, -0.182, positive
-1.56, -1.1, positive
1.45, -1.24, positive
-0.543, 7.62E-5, positive
-1.66, -1.52, positive
1.01, -0.94, positive
1.84, 1.18, positive
-0.214, 0.38, positive
-1.16, -0.285, positive
1.23, -2.2, positive
-1.19, -0.529, positive
-1.04, -0.131, positive
1.03, -0.805, positive
-2.03, -1.65, positive
0.856, -1.11, positive
0.325, -0.153, positive
0.281, 0.343, positive
1.18, 1.25, positive
-0.752, 0.342, positive
-0.104, 0.48, positive
1.23, 0.0999, positive
0.18, -0.0627, positive
1.59, 1.72, positive
-0.0601, 2.04, positive
0.826, 1.5, positive
-1.37, -0.205, positive
-1.57, -1.47, positive
-0.918, -0.578, positive
1.47, 1.21, positive
-0.91, -0.607, positive
0.00914, 0.431, positive
2.47, 1.12, positive
-0.58, -0.579, positive
-0.391, 0.181, positive
0.552, -0.244, positive
-1.92, -1.5, positive
0.833, -0.254, positive
1.62, 1.19, positive
1.07, -0.221, positive
-0.889, -0.417, positive
-1.81, -1.21, positive
-0.946, -0.197, positive
-1.85, -0.35, positive
-1.62, -0.712, positive
0.501, 0.0251, positive
0.264, -0.605, positive
0.74, 1.53, positive
-0.322, -0.356, positive
-1.64, 0.143, positive
0.606, 1.77, positive
-0.672, -0.0414, positive
0.0109, -0.378, positive
-1.34, -0.31, positive
0.524, 0.283, positive
0.278, 0.383, positive
-0.869, -0.0393, positive
-0.987, -0.863, positive
1.22, -1.46, positive
0.391, -0.0901, positive
-2.19, -1.3, positive
-1.59, -0.68, positive
1.1, -0.313, positive
0.762, 0.125, positive
0.905, -0.994, positive
-0.473, 0.085, positive
1.49, 1.55, positive
-1.64, -0.121, positive
-0.532, -0.179, positive
2.18, 1.21, positive
-1.9, -1.32, positive
0.747, -1.05, positive
0.159, 0.586, positive
1.33, 1.7, positive
0.855, -0.265, positive
0.782, -0.139, positive
-1.4, -0.37, positive
2.07, 1.02, positive
-1.77, -1.19, positive
-1.63, -1.32, positive
-0.973, -0.126, positive
-0.872, 0.26, positive
0.109, -0.522, positive
-0.645, -0.238, positive
-1.05, -0.382, positive
0.269, 0.605, positive
-1.17, 0.126, positive
-0.768, 0.209, positive
2.17, 1.45, positive
0.29, -0.515, positive
-0.804, 0.396, positive
-1.45, -1.25, positive
1.21, -1.77, positive
0.521, 0.375, positive
0.00275, -0.0555, positive
0.661, 0.0147, positive
0.957, -0.786, positive
-0.206, -0.474, positive
0.188, 1.59, positive
1.08, 1.42, positive
-1.14, -0.927, positive
-1.39, -0.68, positive
-1.02, -0.469, positive
-1.69, -0.176, positive
-0.0222, -0.202, positive
-1.18, -0.758, positive
-0.987, -0.735, positive
0.44, 0.399, positive
0.731, 1.74, positive
-0.264, 0.0571, positive
-1.59, -0.98, positive
-0.974, 0.511, positive
1.35, -1.51, positive
1.21, -1.24, positive
-1.45, -1.29, positive
-1.37, -0.123, positive
-0.135, 0.0707, positive
-0.491, -0.429, positive
0.00168, 0.262, positive
0.452, -0.204, positive
0.175, -0.345, positive
0.524, -0.231, positive
0.915, -1.27, positive
-1.11, 0.439, positive
1.47, -1.44, positive
-0.179, -0.0492, positive
1.07, -1.38, positive
1.46, -1.32, positive
-0.0238, 4.07E-4, positive
-0.264, -0.768, positive
-0.0060, -0.32, positive
0.4, 1.68, positive
-1.07, 0.256, positive
1.38, -0.645, positive
-1.46, -0.909, positive
0.911, -0.832, positive
0.561, 1.74, positive
-0.61, 0.00888, positive
-0.00294, 0.513, positive
0.0561, -0.479, positive
-1.25, -0.656, positive
0.953, -1.3, positive
1.16, -1.08, positive
0.459, 1.69, positive
0.529, 0.788, positive
2.09, 1.1, positive
0.378, -0.56, positive
-0.278, -0.815, positive
-0.0411, 0.32, positive
0.224, 1.57, positive
-0.582, -0.752, positive
2.11, 0.942, positive
-0.852, -0.298, positive
-0.453, -0.0737, positive
-0.674, -0.62, positive
0.587, 0.0331, positive
0.768, -1.25, positive
1.45, -1.25, positive
-0.972, 0.473, positive
-0.673, -0.177, positive
0.527, 0.51, positive
1.06, -0.0531, positive
0.145, -0.626, positive
-2.28, -1.02, positive
-0.621, 0.425, positive
-1.18, -0.522, positive
0.707, 0.0524, positive
1.26, -0.912, positive
-0.0618, 0.358, positive
-1.57, -0.205, positive
-1.32, 0.0399, positive
-0.215, -0.217, positive
-1.81, -0.643, positive
0.755, 0.22, positive
-1.31, 0.0708, positive
-0.834, -0.258, positive
-0.987, -0.814, positive
0.154, -0.653, positive
1.9, 1.27, positive
0.287, -0.517, positive
0.756, -0.0709, positive
-1.78, -0.491, positive
1.42, -0.697, positive
0.916, -0.0255, positive
1.36, -0.732, positive
-0.757, 0.298, positive
0.535, 0.504, positive
-1.01, -0.771, positive
-0.749, 0.0101, positive
0.956, 0.558, positive
-1.81, -0.994, positive
0.603, -0.108, positive
-1.7, -0.845, positive
0.0844, 1.72, positive
-0.32, 0.707, positive
0.991, -1.1, positive
-0.639, 0.68, positive
0.316, -0.601, positive
0.878, -0.856, positive
0.928, -0.102, positive
1.78, 1.19, positive
-0.297, -0.467, positive
0.405, -0.555, positive
-1.68, -0.51, positive
-1.56, -0.172, positive
0.234, -0.822, positive
0.364, 1.98, positive
2.12, 1.07, positive
-0.581, -0.182, positive
-1.42, -0.617, positive
-0.966, 0.487, positive
-1.15, -0.0498, positive
-0.457, -0.322, positive
1.1, 1.58, positive
0.799, -0.834, positive
-1.91, -2.24, positive
1.7, 1.21, positive
-0.448, -0.354, positive
-0.67, -0.55, positive
0.952, -0.782, positive
-2.14, -1.59, positive
